date,english,german,french,italian,spanish,total,,year 
1/1/2018,280,124,127,74,69,674,,)
1/2/2018,230,132,105,79,59,605,,
1/3/2018,288,151,125,94,64,722,,
1/4/2018,259,144,114,98,74,689,,
1/5/2018,266,174,126,115,97,778,,
1/6/2018,365,237,201,154,96,"1,053",,
1/7/2018,270,166,110,95,90,731,,
1/8/2018,225,142,121,96,65,649,,
1/9/2018,219,92,103,78,53,545,,
1/10/2018,243,134,123,82,62,644,,
1/11/2018,230,113,73,92,57,565,,
1/12/2018,315,146,114,102,0,677,,
1/13/2018,290,181,136,121,84,812,,
1/14/2018,244,130,104,87,67,632,,
1/15/2018,183,111,81,67,46,488,,
1/16/2018,174,103,75,62,39,453,,
1/17/2018,197,145,101,76,55,574,,
1/18/2018,251,131,107,81,51,621,,
1/19/2018,305,142,126,96,82,751,,
1/20/2018,268,155,156,114,80,773,,
1/21/2018,188,118,114,82,52,554,,
1/22/2018,169,128,102,85,48,532,,
1/23/2018,200,106,93,97,67,563,,
1/24/2018,244,171,140,87,78,720,,
1/25/2018,312,180,139,115,84,830,,
1/26/2018,378,210,202,145,100,"1,035",,
1/27/2018,400,197,198,139,115,"1,049",,
1/28/2018,270,139,138,127,88,762,,
1/29/2018,236,128,119,74,46,603,,
1/30/2018,154,90,80,64,40,428,,
1/31/2018,244,110,120,84,54,612,,
2/1/2018,353,154,153,114,94,868,,
2/2/2018,336,214,176,144,104,974,,
2/3/2018,335,202,158,115,89,899,,
2/4/2018,342,171,145,120,99,877,,
2/5/2018,266,131,107,90,70,664,,
2/6/2018,239,140,102,94,56,631,,
2/7/2018,260,152,158,101,94,765,,
2/8/2018,277,181,157,103,95,813,,
2/9/2018,397,179,183,129,95,983,,
2/10/2018,371,198,214,190,102,"1,075",,
2/11/2018,299,146,156,127,70,798,,
2/12/2018,252,153,124,108,84,721,,
2/13/2018,294,164,160,100,88,806,,
2/14/2018,389,200,163,122,106,980,,
2/15/2018,500,254,254,182,0,"1,190",,
2/16/2018,517,243,276,202,154,"1,392",,
2/17/2018,559,316,242,279,146,"1,542",,
2/18/2018,401,225,216,131,121,"1,094",,
2/19/2018,347,208,148,120,91,914,,
2/20/2018,234,120,101,92,56,603,,
2/21/2018,231,159,136,115,68,709,,
2/22/2018,358,177,170,110,87,902,,
2/23/2018,349,172,204,144,111,980,,
2/24/2018,372,235,200,168,90,"1,065",,
2/25/2018,346,178,154,115,72,865,,
2/26/2018,228,128,134,87,65,642,,
2/27/2018,210,144,100,86,60,600,,
2/28/2018,263,167,143,106,87,766,,
3/1/2018,372,219,201,129,102,"1,023",,
3/2/2018,417,237,208,131,113,"1,106",,
3/3/2018,426,225,202,180,103,"1,136",,
3/4/2018,404,223,170,143,95,"1,035",,
3/5/2018,285,180,144,103,92,804,,
3/6/2018,231,164,129,106,83,713,,
3/7/2018,377,190,148,151,86,952,,
3/8/2018,376,211,134,147,103,971,,
3/9/2018,440,229,205,156,84,"1,114",,
3/10/2018,438,272,241,191,107,"1,249",,
3/11/2018,333,152,200,136,89,910,,
3/12/2018,259,182,131,115,81,768,,
3/13/2018,281,157,100,105,55,698,,
3/14/2018,331,204,164,140,102,941,,
3/15/2018,350,218,195,137,89,989,,
3/16/2018,516,289,225,184,0,"1,214",,
3/17/2018,429,247,214,167,106,"1,163",,
3/18/2018,353,199,171,144,98,965,,
3/19/2018,313,197,175,122,78,885,,
3/20/2018,307,175,143,105,67,797,,
3/21/2018,273,202,156,138,99,868,,
3/22/2018,378,197,186,132,82,975,,
3/23/2018,493,289,233,185,104,"1,304",,
3/24/2018,555,266,228,194,121,"1,364",,
3/25/2018,420,211,198,137,104,"1,070",,
3/26/2018,315,175,143,143,81,857,,
3/27/2018,420,184,165,137,89,995,,
3/28/2018,465,223,200,182,105,"1,175",,
3/29/2018,495,299,248,156,119,"1,317",,
3/30/2018,626,363,277,216,145,"1,627",,
3/31/2018,554,335,289,216,139,"1,533",,
4/1/2018,390,353,243,232,153,"1,371",,
4/2/2018,425,228,241,158,97,"1,149",,
4/3/2018,418,210,188,139,0,955,,
4/4/2018,457,293,211,181,111,"1,253",,
4/5/2018,390,209,208,147,115,"1,069",,
4/6/2018,381,252,239,144,126,"1,142",,
4/7/2018,474,265,228,184,110,"1,261",,
4/8/2018,329,205,175,121,82,912,,
4/9/2018,319,190,149,122,82,862,,
4/10/2018,329,177,139,102,0,747,,
4/11/2018,263,220,162,149,107,901,,
4/12/2018,373,247,190,165,107,"1,082",,
4/13/2018,449,271,200,146,111,"1,177",,
4/14/2018,460,269,206,160,123,"1,218",,
4/15/2018,401,215,179,146,121,"1,062",,
4/16/2018,299,169,120,108,74,770,,
4/17/2018,260,152,133,95,73,713,,
4/18/2018,320,180,166,124,99,889,,
4/19/2018,358,176,147,115,109,905,,
4/20/2018,416,225,231,166,100,"1,138",,
4/21/2018,512,282,219,187,118,"1,318",,
4/22/2018,412,201,152,124,115,"1,004",,
4/23/2018,330,203,143,115,70,861,,
4/24/2018,360,161,140,130,91,882,,
4/25/2018,372,213,185,142,95,"1,007",,
4/26/2018,331,202,181,123,109,946,,
4/27/2018,406,290,249,179,134,"1,258",,
4/28/2018,606,321,224,200,137,"1,488",,
4/29/2018,544,210,226,159,105,"1,244",,
4/30/2018,386,299,239,175,93,"1,192",,
5/1/2018,454,254,204,134,127,"1,173",,
5/2/2018,511,268,212,194,128,"1,313",,
5/3/2018,526,315,228,177,146,"1,392",,
5/4/2018,486,307,280,181,120,"1,374",,
5/5/2018,592,296,290,163,143,"1,484",,
5/6/2018,433,227,219,162,113,"1,154",,
5/7/2018,421,194,171,147,99,"1,032",,
5/8/2018,335,211,166,122,90,924,,
5/9/2018,474,243,196,169,152,"1,234",,
5/10/2018,439,307,254,203,148,"1,351",,
5/11/2018,542,291,225,195,147,"1,400",,
5/12/2018,666,256,261,239,166,"1,588",,
5/13/2018,494,275,200,158,117,"1,244",,
5/14/2018,298,178,155,120,84,835,,
5/15/2018,263,181,173,141,72,830,,
5/16/2018,379,245,205,141,86,"1,056",,
5/17/2018,399,258,234,155,128,"1,174",,
5/18/2018,599,306,263,250,180,"1,598",,
5/19/2018,530,292,272,248,147,"1,489",,
5/20/2018,439,256,220,172,139,"1,226",,
5/21/2018,454,269,221,179,132,"1,255",,
5/22/2018,393,203,196,136,87,"1,015",,
5/23/2018,519,233,237,171,135,"1,295",,
5/24/2018,409,261,218,173,118,"1,179",,
5/25/2018,407,226,220,171,125,"1,149",,
5/26/2018,444,189,208,166,107,"1,114",,
5/27/2018,389,208,152,133,91,973,,
5/28/2018,366,197,175,162,114,"1,014",,
5/29/2018,358,229,192,140,85,"1,004",,
5/30/2018,462,244,224,153,123,"1,206",,
5/31/2018,597,283,274,198,122,"1,474",,
6/1/2018,687,347,294,248,149,"1,725",,
6/2/2018,714,388,361,231,200,"1,894",,
6/3/2018,419,243,295,173,131,"1,261",,
6/4/2018,311,179,193,132,87,902,,
6/5/2018,229,168,131,103,74,705,,
6/6/2018,355,242,186,139,128,"1,050",,
6/7/2018,439,250,232,182,132,"1,235",,
6/8/2018,584,317,252,176,133,"1,462",,
6/9/2018,536,264,219,234,142,"1,395",,
6/10/2018,392,261,207,142,119,"1,121",,
6/11/2018,345,237,158,139,98,977,,
6/12/2018,339,232,207,159,105,"1,042",,
6/13/2018,445,306,247,182,131,"1,311",,
6/14/2018,520,330,272,185,165,"1,472",,
6/15/2018,726,387,322,282,198,"1,915",,
6/16/2018,591,393,280,206,146,"1,616",,
6/17/2018,439,306,237,181,133,"1,296",,
6/18/2018,429,191,202,177,97,"1,096",,
6/19/2018,305,178,174,110,84,851,,
6/20/2018,374,218,146,137,99,974,,
6/21/2018,498,231,208,177,128,"1,242",,
6/22/2018,395,309,208,177,128,"1,217",,
6/23/2018,555,284,251,195,157,"1,442",,
6/24/2018,429,214,200,148,119,"1,110",,
6/25/2018,387,216,170,157,99,"1,029",,
6/26/2018,319,208,184,127,0,838,,
6/27/2018,365,217,179,123,84,968,,
6/28/2018,334,252,171,158,114,"1,029",,
6/29/2018,481,274,247,175,147,"1,324",,
6/30/2018,532,286,282,204,163,"1,467",,
7/1/2018,385,263,198,185,129,"1,160",,
7/2/2018,449,249,214,178,106,"1,196",,
7/3/2018,399,194,161,143,96,993,,
7/4/2018,437,225,184,187,131,"1,164",,
7/5/2018,444,294,235,181,138,"1,292",,
7/6/2018,571,290,244,156,122,"1,383",,
7/7/2018,604,436,289,222,152,"1,703",,
7/8/2018,549,243,233,152,136,"1,313",,
7/9/2018,405,194,194,160,102,"1,055",,
7/10/2018,309,193,151,121,99,873,,
7/11/2018,440,233,202,146,132,"1,153",,
7/12/2018,403,237,236,151,112,"1,139",,
7/13/2018,451,297,250,184,150,"1,332",,
7/14/2018,564,254,344,264,137,"1,563",,
7/15/2018,471,292,270,163,140,"1,336",,
7/16/2018,429,233,206,137,109,"1,114",,
7/17/2018,367,213,176,143,68,967,,
7/18/2018,444,240,202,166,110,"1,162",,
7/19/2018,477,249,254,175,109,"1,264",,
7/20/2018,448,297,260,178,142,"1,325",,
7/21/2018,464,352,257,211,168,"1,452",,
7/22/2018,395,210,216,159,114,"1,094",,
7/23/2018,410,223,203,174,93,"1,103",,
7/24/2018,359,171,163,124,88,905,,
7/25/2018,432,277,202,200,131,"1,242",,
7/26/2018,498,277,247,187,131,"1,340",,
7/27/2018,508,329,301,231,135,"1,504",,
7/28/2018,655,313,281,195,187,"1,631",,
7/29/2018,429,264,195,159,96,"1,143",,
7/30/2018,415,208,184,147,101,"1,055",,
7/31/2018,324,217,179,139,93,952,,
8/1/2018,425,209,179,142,104,"1,059",,
8/2/2018,391,260,218,156,107,"1,132",,
8/3/2018,441,245,243,182,128,"1,239",,
8/4/2018,525,263,238,194,127,"1,347",,
8/5/2018,364,198,210,147,126,"1,045",,
8/6/2018,408,185,191,153,0,937,,
8/7/2018,338,180,132,124,88,862,,
8/8/2018,401,218,217,130,105,"1,071",,
8/9/2018,401,220,222,143,112,"1,098",,
8/10/2018,533,262,238,226,115,"1,374",,
8/11/2018,516,286,231,156,134,"1,323",,
8/12/2018,423,308,228,150,131,"1,240",,
8/13/2018,407,238,232,185,101,"1,163",,
8/14/2018,460,265,165,122,97,"1,109",,
8/15/2018,515,284,218,155,143,"1,315",,
8/16/2018,380,322,266,166,127,"1,261",,
8/17/2018,542,346,299,213,150,"1,550",,
8/18/2018,717,358,255,247,0,"1,577",,
8/19/2018,423,230,268,163,131,"1,215",,
8/20/2018,413,249,191,167,116,"1,136",,
8/21/2018,355,228,197,161,99,"1,040",,
8/22/2018,507,308,256,207,112,"1,390",,
8/23/2018,443,264,265,181,155,"1,308",,
8/24/2018,524,296,331,225,163,"1,539",,
8/25/2018,547,329,266,258,170,"1,570",,
8/26/2018,386,255,205,163,118,"1,127",,
8/27/2018,362,195,165,128,107,957,,
8/28/2018,257,178,168,104,73,780,,
8/29/2018,391,217,224,143,110,"1,085",,
8/30/2018,320,232,193,146,115,"1,006",,
8/31/2018,542,311,282,174,0,"1,309",,
9/1/2018,329,223,190,163,118,"1,023",,
9/2/2018,318,173,172,137,94,894,,
9/3/2018,226,128,151,121,78,704,,
9/4/2018,228,117,132,101,67,645,,
9/5/2018,313,219,177,109,0,818,,
9/6/2018,264,174,131,132,94,795,,
9/7/2018,442,231,219,152,110,"1,154",,
9/8/2018,415,262,215,160,133,"1,185",,
9/9/2018,370,174,140,155,87,926,,
9/10/2018,290,175,161,119,66,811,,
9/11/2018,241,137,136,91,65,670,,
9/12/2018,345,168,154,142,95,904,,
9/13/2018,290,209,139,140,91,869,,
9/14/2018,460,255,220,168,0,"1,103",,
9/15/2018,431,231,188,129,107,"1,086",,
9/16/2018,360,181,172,125,81,919,,
9/17/2018,341,165,152,121,83,862,,
9/18/2018,273,129,118,83,82,685,,
9/19/2018,286,177,178,140,98,879,,
9/20/2018,377,190,145,142,101,955,,
9/21/2018,422,257,223,176,119,"1,197",,
9/22/2018,494,307,280,176,104,"1,361",,
9/23/2018,350,269,175,137,121,"1,052",,
9/24/2018,383,222,180,126,89,"1,000",,
9/25/2018,342,155,151,123,78,849,,
9/26/2018,473,213,150,134,109,"1,079",,
9/27/2018,388,214,167,139,98,"1,006",,
9/28/2018,427,234,212,159,121,"1,153",,
9/29/2018,354,285,165,142,100,"1,046",,
9/30/2018,303,165,148,135,84,835,,
10/1/2018,235,143,130,109,57,674,,
10/2/2018,251,116,97,83,62,609,,
10/3/2018,271,182,133,118,75,779,,
10/4/2018,316,184,154,125,88,867,,
10/5/2018,385,176,183,149,95,988,,
10/6/2018,423,212,183,122,96,"1,036",,
10/7/2018,309,197,156,138,87,887,,
10/8/2018,249,119,133,105,66,672,,
10/9/2018,221,110,120,83,56,590,,
10/10/2018,259,180,147,102,83,771,,
10/11/2018,286,174,139,110,86,795,,
10/12/2018,336,184,161,112,88,881,,
10/13/2018,404,246,181,141,93,"1,065",,
10/14/2018,358,187,175,110,81,911,,
10/15/2018,255,183,120,120,54,732,,
10/16/2018,184,145,92,100,59,580,,
10/17/2018,333,184,120,97,79,813,,
10/18/2018,292,190,143,124,70,819,,
10/19/2018,350,228,166,123,86,953,,
10/20/2018,406,219,185,129,101,"1,040",,
10/21/2018,295,199,138,99,90,821,,
10/22/2018,253,152,121,110,66,702,,
10/23/2018,206,112,88,87,64,557,,
10/24/2018,293,150,118,88,65,714,,
10/25/2018,311,144,141,124,83,803,,
10/26/2018,353,206,186,144,100,989,,
10/27/2018,328,245,182,139,105,999,,
10/28/2018,284,164,136,125,90,799,,
10/29/2018,261,171,136,116,79,763,,
10/30/2018,343,150,122,108,73,796,,
10/31/2018,307,168,163,136,99,873,,
11/1/2018,349,223,160,155,87,974,,
11/2/2018,393,198,166,140,89,986,,
11/3/2018,375,230,228,154,117,"1,104",,
11/4/2018,325,166,165,104,95,855,,
11/5/2018,248,111,101,97,66,623,,
11/6/2018,181,105,81,66,51,484,,
11/7/2018,253,149,129,88,86,705,,
11/8/2018,222,165,140,126,76,729,,
11/9/2018,296,183,129,133,103,844,,
11/10/2018,335,240,193,144,118,"1,030",,
11/11/2018,274,151,140,100,78,743,,
11/12/2018,221,113,118,90,64,606,,
11/13/2018,201,108,90,76,56,531,,
11/14/2018,253,159,142,93,67,714,,
11/15/2018,288,157,119,100,66,730,,
11/16/2018,287,178,175,109,100,849,,
11/17/2018,310,192,177,123,93,895,,
11/18/2018,318,144,172,99,83,816,,
11/19/2018,219,126,115,88,65,613,,
11/20/2018,196,103,108,87,54,548,,
11/21/2018,241,151,105,108,79,684,,
11/22/2018,296,146,128,107,67,744,,
11/23/2018,357,188,157,123,73,898,,
11/24/2018,362,186,163,117,95,923,,
11/25/2018,326,129,122,110,69,756,,
11/26/2018,259,141,121,94,65,680,,
11/27/2018,191,124,82,69,45,511,,
11/28/2018,246,180,132,107,71,736,,
11/29/2018,298,169,124,114,85,790,,
11/30/2018,322,194,161,127,78,882,,
12/1/2018,326,178,170,130,92,896,,
12/2/2018,266,149,118,100,54,687,,
12/3/2018,239,147,108,92,62,648,,
12/4/2018,192,89,99,88,51,519,,
12/5/2018,271,140,138,84,62,695,,
12/6/2018,271,129,122,111,71,704,,
12/7/2018,265,197,138,107,89,796,,
12/8/2018,333,159,156,116,94,858,,
12/9/2018,213,138,126,102,73,652,,
12/10/2018,226,132,110,84,60,612,,
12/11/2018,174,114,91,72,43,494,,
12/12/2018,205,116,89,76,59,545,,
12/13/2018,259,157,122,127,68,733,,
12/14/2018,303,194,132,94,79,802,,
12/15/2018,302,195,187,118,76,878,,
12/16/2018,259,133,130,105,79,706,,
12/17/2018,203,122,96,89,61,571,,
12/18/2018,157,83,76,62,48,426,,
12/19/2018,209,126,99,74,58,566,,
12/20/2018,261,157,157,93,79,747,,
12/21/2018,272,194,130,122,95,813,,
12/22/2018,355,202,145,147,111,960,,
12/23/2018,333,197,152,138,82,902,,
12/24/2018,282,185,121,126,86,800,,
12/25/2018,260,129,149,112,68,718,,
12/26/2018,287,181,133,103,76,780,,
12/27/2018,299,129,143,107,92,770,,
12/28/2018,330,225,178,138,104,975,,
12/29/2018,452,276,205,132,0,"1,065",,
12/30/2018,316,189,173,122,80,880,,
12/31/2018,351,165,120,79,80,795,,
1/1/2019,239,148,121,87,76,671,,
1/2/2019,366,196,129,110,69,870,,
1/3/2019,306,171,159,112,82,830,,
1/4/2019,380,211,182,138,102,"1,013",,
1/5/2019,409,208,178,132,109,"1,036",,
1/6/2019,280,165,156,125,93,819,,
1/7/2019,271,160,112,93,83,719,,
1/8/2019,221,128,116,93,70,628,,
1/9/2019,230,131,131,94,73,659,,
1/10/2019,251,147,153,87,69,707,,
1/11/2019,337,172,165,118,94,886,,
1/12/2019,280,199,159,110,72,820,,
1/13/2019,223,138,118,89,60,628,,
1/14/2019,185,114,93,60,48,500,,
1/15/2019,207,108,90,53,57,515,,
1/16/2019,198,106,85,73,60,522,,
1/17/2019,227,146,121,90,75,659,,
1/18/2019,269,185,151,114,85,804,,
1/19/2019,249,161,120,115,76,721,,
1/20/2019,241,148,106,77,60,632,,
1/21/2019,194,112,98,67,57,528,,
1/22/2019,186,103,100,62,53,504,,
1/23/2019,274,151,129,110,79,743,,
1/24/2019,322,185,137,144,80,868,,
1/25/2019,366,239,171,170,88,"1,034",,
1/26/2019,446,230,237,162,111,"1,186",,
1/27/2019,330,166,170,132,101,899,,
1/28/2019,275,137,138,109,85,744,,
1/29/2019,239,125,110,83,54,611,,
1/30/2019,199,153,136,89,58,635,,
1/31/2019,258,130,118,77,70,653,,
2/1/2019,381,230,170,165,120,"1,066",,
2/2/2019,563,283,250,230,145,"1,471",,
2/3/2019,458,292,184,161,116,"1,211",,
2/4/2019,419,236,174,131,95,"1,055",,
2/5/2019,338,241,185,168,97,"1,029",,
2/6/2019,433,259,214,151,113,"1,170",,
2/7/2019,439,270,239,162,113,"1,223",,
2/8/2019,570,196,251,195,156,"1,368",,
2/9/2019,339,265,196,156,117,"1,073",,
2/10/2019,326,164,148,134,95,867,,
2/11/2019,253,124,116,102,80,675,,
2/12/2019,279,137,115,83,71,685,,
2/13/2019,287,173,146,123,81,810,,
2/14/2019,374,195,161,140,90,960,,
2/15/2019,357,219,194,147,85,"1,002",,
2/16/2019,395,269,183,152,120,"1,119",,
2/17/2019,308,215,145,107,81,856,,
2/18/2019,296,155,156,96,85,788,,
2/19/2019,229,137,109,93,71,639,,
2/20/2019,298,168,157,98,78,799,,
2/21/2019,366,152,143,160,76,897,,
2/22/2019,382,226,185,124,76,993,,
2/23/2019,417,215,226,157,102,"1,117",,
2/24/2019,303,183,145,111,96,838,,
2/25/2019,245,171,133,96,72,717,,
2/26/2019,243,151,123,108,71,696,,
2/27/2019,299,190,158,129,83,859,,
2/28/2019,379,196,155,144,93,967,,
3/1/2019,437,235,192,148,118,"1,130",,
3/2/2019,606,318,289,192,139,"1,544",,
3/3/2019,460,206,197,146,101,"1,110",,
3/4/2019,292,150,151,119,90,802,,
3/5/2019,324,181,172,129,86,892,,
3/6/2019,413,201,172,143,100,"1,029",,
3/7/2019,399,204,205,145,108,"1,061",,
3/8/2019,414,267,200,182,109,"1,172",,
3/9/2019,436,284,276,214,146,"1,356",,
3/10/2019,465,255,186,147,129,"1,182",,
3/11/2019,387,187,168,141,78,961,,
3/12/2019,334,210,165,104,0,813,,
3/13/2019,350,222,153,147,91,963,,
3/14/2019,390,241,213,174,110,"1,128",,
3/15/2019,542,287,218,161,115,"1,323",,
3/16/2019,448,274,247,218,123,"1,310",,
3/17/2019,358,249,178,119,114,"1,018",,
3/18/2019,345,208,173,127,89,942,,
3/19/2019,306,162,125,115,73,781,,
3/20/2019,366,191,191,137,101,986,,
3/21/2019,376,218,203,149,120,"1,066",,
3/22/2019,457,244,224,155,121,"1,201",,
3/23/2019,460,211,259,166,107,"1,203",,
3/24/2019,387,274,224,163,118,"1,166",,
3/25/2019,403,193,150,137,96,979,,
3/26/2019,384,199,122,96,80,881,,
3/27/2019,325,223,222,124,106,"1,000",,
3/28/2019,455,275,208,153,118,"1,209",,
3/29/2019,497,236,213,151,132,"1,229",,
3/30/2019,512,298,253,199,119,"1,381",,
3/31/2019,417,225,201,144,109,"1,096",,
4/1/2019,336,191,149,142,87,905,,
4/2/2019,324,144,134,91,86,779,,
4/3/2019,453,256,210,159,0,"1,078",,
4/4/2019,410,208,202,176,89,"1,085",,
4/5/2019,484,272,229,208,97,"1,290",,
4/6/2019,599,316,254,203,119,"1,491",,
4/7/2019,364,196,197,138,107,"1,002",,
4/8/2019,373,215,178,136,87,989,,
4/9/2019,282,198,142,115,85,822,,
4/10/2019,400,210,166,151,99,"1,026",,
4/11/2019,413,263,202,160,118,"1,156",,
4/12/2019,401,285,214,188,115,"1,203",,
4/13/2019,477,282,262,164,145,"1,330",,
4/14/2019,385,253,188,141,101,"1,068",,
4/15/2019,371,196,155,139,81,942,,
4/16/2019,363,205,199,124,98,989,,
4/17/2019,564,227,177,165,131,"1,264",,
4/18/2019,441,320,247,213,157,"1,378",,
4/19/2019,683,372,329,268,181,"1,833",,
4/20/2019,698,422,352,281,229,"1,982",,
4/21/2019,552,354,310,188,168,"1,572",,
4/22/2019,502,248,190,177,123,"1,240",,
4/23/2019,359,220,188,155,98,"1,020",,
4/24/2019,392,277,225,161,94,"1,149",,
4/25/2019,450,281,242,211,150,"1,334",,
4/26/2019,492,274,254,200,156,"1,376",,
4/27/2019,545,274,293,184,135,"1,431",,
4/28/2019,481,279,212,165,128,"1,265",,
4/29/2019,479,257,175,135,118,"1,164",,
4/30/2019,421,224,173,163,117,"1,098",,
5/1/2019,523,263,280,207,134,"1,407",,
5/2/2019,493,326,291,188,141,"1,439",,
5/3/2019,714,381,301,252,164,"1,812",,
5/4/2019,709,407,378,235,172,"1,901",,
5/5/2019,411,254,211,160,117,"1,153",,
5/6/2019,406,210,167,145,94,"1,022",,
5/7/2019,291,172,189,144,87,883,,
5/8/2019,412,306,242,179,106,"1,245",,
5/9/2019,566,333,267,195,0,"1,361",,
5/10/2019,610,274,288,206,115,"1,493",,
5/11/2019,547,308,291,201,144,"1,491",,
5/12/2019,439,255,208,191,114,"1,207",,
5/13/2019,378,178,166,133,94,949,,
5/14/2019,333,161,163,133,82,872,,
5/15/2019,401,224,199,150,110,"1,084",,
5/16/2019,413,209,188,135,114,"1,059",,
5/17/2019,513,299,225,158,140,"1,335",,
5/18/2019,639,349,260,201,0,"1,449",,
5/19/2019,537,286,197,181,0,"1,201",,
5/20/2019,352,205,151,105,92,905,,
5/21/2019,353,206,152,126,107,944,,
5/22/2019,359,233,215,158,118,"1,083",,
5/23/2019,449,233,219,148,115,"1,164",,
5/24/2019,493,323,280,192,105,"1,393",,
5/25/2019,619,279,267,178,138,"1,481",,
5/26/2019,386,217,198,160,102,"1,063",,
5/27/2019,379,253,218,162,132,"1,144",,
5/28/2019,404,221,215,152,95,"1,087",,
5/29/2019,451,260,258,166,132,"1,267",,
5/30/2019,539,253,278,214,120,"1,404",,
5/31/2019,639,371,232,272,178,"1,692",,
6/1/2019,771,474,382,266,219,"2,112",,
6/2/2019,652,379,314,208,177,"1,730",,
6/3/2019,625,321,251,174,133,"1,504",,
6/4/2019,537,238,221,219,0,"1,215",,
6/5/2019,556,284,266,181,147,"1,434",,
6/6/2019,694,334,317,237,174,"1,756",,
6/7/2019,543,441,370,234,192,"1,780",,
6/8/2019,671,488,352,316,179,"2,006",,
6/9/2019,613,396,257,209,197,"1,672",,
6/10/2019,466,255,253,187,135,"1,296",,
6/11/2019,470,271,219,148,119,"1,227",,
6/12/2019,578,280,267,204,138,"1,467",,
6/13/2019,501,274,289,175,165,"1,404",,
6/14/2019,604,300,306,213,156,"1,579",,
6/15/2019,534,320,294,228,184,"1,560",,
6/16/2019,482,216,234,153,128,"1,213",,
6/17/2019,416,273,267,195,125,"1,276",,
6/18/2019,416,211,192,135,105,"1,059",,
6/19/2019,541,331,265,201,165,"1,503",,
6/20/2019,676,300,286,236,174,"1,672",,
6/21/2019,683,280,389,315,243,"1,910",,
6/22/2019,759,407,319,274,190,"1,949",,
6/23/2019,531,341,281,223,172,"1,548",,
6/24/2019,375,264,160,151,113,"1,063",,
6/25/2019,293,218,157,142,95,905,,
6/26/2019,412,213,232,131,132,"1,120",,
6/27/2019,606,259,249,159,131,"1,404",,
6/28/2019,505,327,246,207,158,"1,443",,
6/29/2019,564,351,272,217,167,"1,571",,
6/30/2019,431,241,203,174,110,"1,159",,
7/1/2019,492,225,257,129,145,"1,248",,
7/2/2019,413,229,181,144,118,"1,085",,
7/3/2019,605,294,226,197,137,"1,459",,
7/4/2019,464,266,253,174,135,"1,292",,
7/5/2019,549,308,291,248,175,"1,571",,
7/6/2019,614,407,274,214,199,"1,708",,
7/7/2019,618,271,307,222,147,"1,565",,
7/8/2019,429,258,193,158,104,"1,142",,
7/9/2019,415,228,195,130,107,"1,075",,
7/10/2019,566,271,261,190,115,"1,403",,
7/11/2019,568,305,237,232,144,"1,486",,
7/12/2019,645,420,280,215,163,"1,723",,
7/13/2019,663,361,300,240,189,"1,753",,
7/14/2019,488,340,225,169,133,"1,355",,
7/15/2019,407,191,204,154,114,"1,070",,
7/16/2019,408,194,191,154,113,"1,060",,
7/17/2019,463,240,249,197,155,"1,304",,
7/18/2019,527,305,286,168,153,"1,439",,
7/19/2019,656,286,296,209,184,"1,631",,
7/20/2019,576,349,326,231,213,"1,695",,
7/21/2019,501,345,233,180,133,"1,392",,
7/22/2019,370,242,205,152,89,"1,058",,
7/23/2019,383,233,193,141,110,"1,060",,
7/24/2019,480,299,223,183,147,"1,332",,
7/25/2019,458,265,263,174,125,"1,285",,
7/26/2019,626,333,290,210,162,"1,621",,
7/27/2019,704,352,325,214,160,"1,755",,
7/28/2019,544,316,239,187,122,"1,408",,
7/29/2019,440,232,185,156,111,"1,124",,
7/30/2019,407,202,182,147,88,"1,026",,
7/31/2019,500,269,272,191,106,"1,338",,
8/1/2019,439,210,216,152,120,"1,137",,
8/2/2019,484,282,216,195,136,"1,313",,
8/3/2019,520,305,236,212,181,"1,454",,
8/4/2019,504,271,264,182,122,"1,343",,
8/5/2019,338,260,188,147,98,"1,031",,
8/6/2019,294,209,175,142,93,913,,
8/7/2019,410,301,210,168,129,"1,218",,
8/8/2019,481,298,212,160,99,"1,250",,
8/9/2019,568,327,253,207,157,"1,512",,
8/10/2019,680,394,348,303,174,"1,899",,
8/11/2019,517,271,239,195,163,"1,385",,
8/12/2019,489,236,252,158,124,"1,259",,
8/13/2019,434,222,217,154,114,"1,141",,
8/14/2019,604,261,239,203,149,"1,456",,
8/15/2019,516,329,254,210,151,"1,460",,
8/16/2019,726,441,349,237,205,"1,958",,
8/17/2019,665,329,307,259,137,"1,697",,
8/18/2019,467,270,274,173,136,"1,320",,
8/19/2019,363,221,196,150,93,"1,023",,
8/20/2019,306,180,151,140,74,851,,
8/21/2019,457,286,171,146,104,"1,164",,
8/22/2019,476,243,228,174,121,"1,242",,
8/23/2019,501,314,265,179,139,"1,398",,
8/24/2019,439,282,277,192,150,"1,340",,
8/25/2019,481,230,224,164,134,"1,233",,
8/26/2019,372,236,166,148,109,"1,031",,
8/27/2019,352,197,149,101,99,898,,
8/28/2019,467,244,179,135,94,"1,119",,
8/29/2019,490,266,212,193,143,"1,304",,
8/30/2019,565,364,312,273,149,"1,663",,
8/31/2019,627,413,279,245,162,"1,726",,
9/1/2019,397,246,189,151,101,"1,084",,
9/2/2019,371,182,169,116,82,920,,
9/3/2019,309,188,134,114,0,745,,
9/4/2019,372,213,189,141,92,"1,007",,
9/5/2019,307,176,136,124,95,838,,
9/6/2019,461,235,207,157,121,"1,181",,
9/7/2019,509,255,222,164,119,"1,269",,
9/8/2019,282,193,192,128,92,887,,
9/9/2019,283,161,130,117,86,777,,
9/10/2019,281,184,164,134,93,856,,
9/11/2019,346,197,183,159,112,997,,
9/12/2019,519,214,245,139,114,"1,231",,
9/13/2019,621,315,320,232,153,"1,641",,
9/14/2019,644,276,265,240,162,"1,587",,
9/15/2019,413,263,258,177,108,"1,219",,
9/16/2019,343,211,124,160,97,935,,
9/17/2019,243,145,91,99,63,641,,
9/18/2019,266,203,165,123,80,837,,
9/19/2019,319,201,188,134,81,923,,
9/20/2019,415,230,166,146,97,"1,054",,
9/21/2019,405,229,192,163,118,"1,107",,
9/22/2019,381,190,154,140,94,959,,
9/23/2019,288,160,152,102,78,780,,
9/24/2019,290,151,134,109,89,773,,
9/25/2019,315,159,145,136,78,833,,
9/26/2019,358,204,193,148,106,"1,009",,
9/27/2019,523,254,228,189,132,"1,326",,
9/28/2019,514,209,238,175,143,"1,279",,
9/29/2019,447,236,175,149,0,"1,007",,
9/30/2019,341,166,153,109,94,863,,
10/1/2019,297,144,134,109,72,756,,
10/2/2019,374,199,178,115,109,975,,
10/3/2019,329,207,183,128,97,944,,
10/4/2019,376,231,227,158,131,"1,123",,
10/5/2019,376,236,205,150,100,"1,067",,
10/6/2019,344,205,171,134,89,943,,
10/7/2019,280,174,118,123,76,771,,
10/8/2019,292,135,124,102,64,717,,
10/9/2019,357,193,168,145,100,963,,
10/10/2019,387,190,167,137,97,978,,
10/11/2019,369,203,217,158,89,"1,036",,
10/12/2019,372,267,210,181,142,"1,172",,
10/13/2019,323,190,160,112,87,872,,
10/14/2019,216,173,134,113,72,708,,
10/15/2019,214,134,127,82,64,621,,
10/16/2019,357,158,151,113,90,869,,
10/17/2019,309,212,152,114,86,873,,
10/18/2019,464,201,204,160,101,"1,130",,
10/19/2019,389,246,216,129,115,"1,095",,
10/20/2019,364,196,168,130,87,945,,
10/21/2019,247,147,149,105,66,714,,
10/22/2019,283,163,135,95,66,742,,
10/23/2019,335,202,144,110,69,860,,
10/24/2019,322,237,175,142,90,966,,
10/25/2019,390,185,211,131,109,"1,026",,
10/26/2019,350,258,213,146,111,"1,078",,
10/27/2019,334,222,154,154,86,950,,
10/28/2019,305,159,164,124,67,819,,
10/29/2019,224,168,144,111,76,723,,
10/30/2019,328,210,193,128,99,958,,
10/31/2019,371,211,152,186,116,"1,036",,
11/1/2019,572,277,242,178,121,"1,390",,
11/2/2019,534,313,275,197,164,"1,483",,
11/3/2019,281,161,179,117,107,845,,
11/4/2019,310,176,119,95,96,796,,
11/5/2019,243,109,105,91,70,618,,
11/6/2019,307,170,108,120,79,784,,
11/7/2019,338,187,135,120,88,868,,
11/8/2019,343,215,167,147,90,962,,
11/9/2019,310,222,193,123,81,929,,
11/10/2019,317,157,138,126,86,824,,
11/11/2019,255,185,132,104,83,759,,
11/12/2019,219,132,98,79,69,597,,
11/13/2019,283,133,136,111,82,745,,
11/14/2019,311,189,118,139,86,843,,
11/15/2019,363,269,172,118,108,"1,030",,
11/16/2019,389,204,202,148,116,"1,059",,
11/17/2019,271,185,151,113,79,799,,
11/18/2019,265,151,122,77,71,686,,
11/19/2019,236,122,112,97,70,637,,
11/20/2019,269,140,140,103,72,724,,
11/21/2019,310,165,120,116,79,790,,
11/22/2019,368,214,197,156,86,"1,021",,
11/23/2019,367,183,161,149,124,984,,
11/24/2019,298,176,153,140,74,841,,
11/25/2019,285,137,126,92,69,709,,
11/26/2019,242,133,105,75,66,621,,
11/27/2019,258,157,115,92,70,692,,
11/28/2019,334,143,125,158,87,847,,
11/29/2019,380,221,184,131,94,"1,010",,
11/30/2019,374,244,206,151,114,"1,089",,
12/1/2019,293,154,160,82,70,759,,
12/2/2019,202,140,109,84,65,600,,
12/3/2019,178,110,97,71,50,506,,
12/4/2019,269,107,94,79,68,617,,
12/5/2019,221,150,141,99,68,679,,
12/6/2019,273,144,149,118,75,759,,
12/7/2019,392,231,157,127,81,988,,
12/8/2019,265,137,151,111,73,737,,
12/9/2019,251,123,129,100,54,657,,
12/10/2019,225,127,100,82,57,591,,
12/11/2019,266,142,127,118,66,719,,
12/12/2019,280,126,133,80,60,679,,
12/13/2019,315,203,190,130,91,929,,
12/14/2019,344,202,122,157,91,916,,
12/15/2019,272,159,116,90,73,710,,
12/16/2019,230,128,117,95,68,638,,
12/17/2019,251,108,89,63,51,562,,
12/18/2019,261,141,110,91,69,672,,
12/19/2019,275,151,140,101,76,743,,
12/20/2019,376,173,174,147,87,957,,
12/21/2019,384,211,177,142,94,"1,008",,
12/22/2019,346,146,161,130,91,874,,
12/23/2019,296,156,139,99,72,762,,
12/24/2019,330,169,143,104,0,746,,
12/25/2019,422,216,211,149,102,"1,100",,
12/26/2019,395,195,215,132,90,"1,027",,
12/27/2019,421,305,222,161,103,"1,212",,
12/28/2019,430,211,212,161,115,"1,129",,
12/29/2019,324,178,180,144,106,932,,
12/30/2019,321,147,119,129,87,803,,
12/31/2019,293,156,178,106,60,793,,
1/1/2020,323,171,178,128,77,877,,
1/2/2020,262,183,188,122,67,822,,
1/3/2020,414,233,185,126,99,"1,057",,
1/4/2020,329,184,160,118,96,887,,
1/5/2020,273,168,135,123,83,782,,
1/6/2020,267,168,107,93,66,701,,
1/7/2020,145,124,113,78,59,519,,
1/8/2020,272,149,118,77,61,677,,
1/9/2020,264,156,142,107,73,742,,
1/10/2020,233,158,120,95,78,684,,
1/11/2020,260,174,121,117,64,736,,
1/12/2020,217,138,123,82,60,620,,
1/13/2020,179,103,80,61,51,474,,
1/14/2020,169,95,81,51,38,434,,
1/15/2020,198,118,112,94,51,573,,
1/16/2020,257,148,123,87,77,692,,
1/17/2020,198,136,139,104,57,634,,
1/18/2020,341,156,135,97,70,799,,
1/19/2020,242,131,96,85,60,614,,
1/20/2020,182,104,103,61,51,501,,
1/21/2020,202,81,90,66,52,491,,
1/22/2020,250,150,113,96,60,669,,
1/23/2020,358,192,179,120,87,936,,
1/24/2020,387,215,193,132,115,"1,042",,
1/25/2020,389,219,200,158,101,"1,067",,
1/26/2020,330,155,154,112,82,833,,
1/27/2020,265,167,134,93,56,715,,
1/28/2020,234,103,109,81,51,578,,
1/29/2020,319,142,144,115,84,804,,
1/30/2020,205,120,109,93,66,593,,
1/31/2020,255,172,131,105,88,751,,
2/1/2020,372,226,181,144,123,"1,046",,
2/2/2020,308,169,142,91,90,800,,
2/3/2020,239,168,147,95,63,712,,
2/4/2020,243,112,111,84,52,602,,
2/5/2020,276,159,94,95,46,670,,
2/6/2020,332,162,143,105,83,825,,
2/7/2020,412,205,152,133,88,990,,
2/8/2020,396,207,191,139,98,"1,031",,
2/9/2020,375,179,156,116,0,826,,
2/10/2020,306,140,136,104,70,756,,
2/11/2020,189,142,94,68,62,555,,
2/12/2020,321,169,156,114,84,844,,
2/13/2020,342,169,156,99,76,842,,
2/14/2020,303,173,199,111,102,888,,
2/15/2020,295,227,193,170,95,980,,
2/16/2020,379,176,162,126,87,930,,
2/17/2020,292,140,115,102,67,716,,
2/18/2020,178,120,120,80,64,562,,
2/19/2020,274,154,131,114,83,756,,
2/20/2020,382,201,165,132,92,972,,
2/21/2020,340,202,192,132,81,947,,
2/22/2020,375,190,182,166,69,982,,
2/23/2020,325,162,148,128,76,839,,
2/24/2020,257,179,133,96,53,718,,
2/25/2020,257,143,108,94,65,667,,
2/26/2020,276,152,174,100,81,783,,
2/27/2020,322,144,137,112,82,797,,
2/28/2020,383,233,148,157,94,"1,015",,
2/29/2020,367,204,191,118,107,987,,
3/1/2020,363,188,148,112,108,919,,
3/2/2020,309,159,136,99,87,790,,
3/3/2020,239,129,129,97,76,670,,
3/4/2020,296,186,144,128,94,848,,
3/5/2020,347,218,146,138,86,935,,
3/6/2020,480,313,186,168,120,"1,267",,
3/7/2020,481,278,202,203,147,"1,311",,
3/8/2020,338,209,171,129,96,943,,
3/9/2020,288,153,148,87,77,753,,
3/10/2020,288,140,105,93,67,693,,
3/11/2020,337,202,152,118,100,909,,
3/12/2020,378,186,177,177,109,"1,027",,
3/13/2020,141,68,59,48,34,350,,
3/14/2020,140,68,59,50,36,353,,
3/15/2020,115,59,41,39,28,282,,
3/16/2020,92,52,55,35,26,260,,
3/17/2020,96,57,43,32,0,228,,
3/18/2020,92,65,60,38,31,286,,
3/19/2020,128,58,50,46,32,314,,
3/20/2020,123,70,60,51,42,346,,
3/21/2020,157,74,59,49,35,374,,
3/22/2020,105,50,58,41,28,282,,
3/23/2020,93,44,49,32,21,239,,
3/24/2020,76,46,41,30,22,215,,
3/25/2020,110,39,54,37,29,269,,
3/26/2020,105,67,52,40,28,292,,
3/27/2020,138,78,69,47,37,369,,
3/28/2020,128,83,53,55,37,356,,
3/29/2020,116,74,45,39,28,302,,
3/30/2020,86,44,39,31,20,220,,
3/31/2020,87,57,46,30,20,240,,
4/1/2020,101,50,45,33,27,256,,
4/2/2020,109,67,56,40,26,298,,
4/3/2020,159,85,58,52,0,354,,
4/4/2020,115,71,61,50,40,337,,
4/5/2020,110,60,55,39,26,290,,
4/6/2020,92,37,41,33,23,226,,
4/7/2020,121,63,51,40,33,308,,
4/8/2020,136,72,79,51,33,371,,
4/9/2020,141,77,73,59,38,388,,
4/10/2020,171,92,87,74,49,473,,
4/11/2020,216,101,84,81,54,536,,
4/12/2020,140,77,60,62,47,386,,
4/13/2020,133,85,72,51,34,375,,
4/14/2020,115,73,67,41,0,296,,
4/15/2020,99,77,53,49,35,313,,
4/16/2020,112,68,61,49,29,319,,
4/17/2020,139,91,71,50,35,386,,
4/18/2020,129,83,70,52,38,372,,
4/19/2020,118,57,52,54,35,316,,
4/20/2020,106,48,42,47,23,266,,
4/21/2020,83,48,40,37,24,232,,
4/22/2020,101,50,50,38,28,267,,
4/23/2020,97,66,48,35,28,274,,
4/24/2020,144,66,71,48,40,369,,
4/25/2020,143,88,60,55,37,383,,
4/26/2020,98,59,48,38,35,278,,
4/27/2020,74,55,43,32,27,231,,
4/28/2020,86,56,42,38,23,245,,
4/29/2020,129,63,56,44,33,325,,
4/30/2020,156,87,54,54,38,389,,
5/1/2020,168,101,83,77,53,482,,
5/2/2020,173,97,77,64,55,466,,
5/3/2020,130,67,70,50,41,358,,
5/4/2020,104,56,57,43,31,291,,
5/5/2020,92,48,38,35,24,237,,
5/6/2020,117,59,61,33,33,303,,
5/7/2020,123,73,50,45,34,325,,
5/8/2020,151,92,70,64,39,416,,
5/9/2020,134,95,75,52,37,393,,
5/10/2020,115,69,61,47,37,329,,
5/11/2020,95,49,48,36,28,256,,
5/12/2020,73,50,40,32,20,215,,
5/13/2020,110,64,55,40,30,299,,
5/14/2020,115,61,52,42,31,301,,
5/15/2020,119,70,63,61,33,346,,
5/16/2020,141,78,65,64,40,388,,
5/17/2020,100,69,49,44,35,297,,
5/18/2020,81,70,62,36,28,277,,
5/19/2020,94,59,43,37,28,261,,
5/20/2020,148,72,60,53,37,370,,
5/21/2020,164,87,71,47,42,411,,
5/22/2020,180,107,90,61,45,483,,
5/23/2020,161,109,85,68,47,470,,
5/24/2020,163,88,74,54,45,424,,
5/25/2020,124,66,55,52,36,333,,
5/26/2020,127,59,45,39,24,294,,
5/27/2020,120,64,68,53,40,345,,
5/28/2020,152,73,76,50,37,388,,
5/29/2020,181,99,100,64,42,486,,
5/30/2020,152,89,84,64,39,428,,
5/31/2020,150,89,70,54,53,416,,
6/1/2020,136,85,57,53,30,361,,
6/2/2020,108,64,60,48,34,314,,
6/3/2020,169,88,72,54,41,424,,
6/4/2020,153,97,71,54,41,416,,
6/5/2020,164,93,74,57,46,434,,
6/6/2020,164,93,83,71,41,452,,
6/7/2020,146,69,57,53,30,355,,
6/8/2020,133,78,56,41,34,342,,
6/9/2020,133,80,70,43,0,326,,
6/10/2020,144,74,73,60,39,390,,
6/11/2020,179,102,76,64,47,468,,
6/12/2020,197,89,96,83,50,515,,
6/13/2020,178,109,89,89,60,525,,
6/14/2020,166,73,82,56,44,421,,
6/15/2020,112,72,59,48,35,326,,
6/16/2020,93,76,48,39,25,281,,
6/17/2020,113,54,58,45,34,304,,
6/18/2020,138,66,61,45,32,342,,
6/19/2020,143,85,71,57,38,394,,
6/20/2020,177,76,60,61,38,412,,
6/21/2020,142,83,65,43,0,333,,
6/22/2020,121,60,48,42,35,306,,
6/23/2020,81,60,55,36,31,263,,
6/24/2020,127,74,54,53,39,347,,
6/25/2020,124,54,56,40,34,308,,
6/26/2020,151,80,72,59,31,393,,
6/27/2020,184,94,80,55,43,456,,
6/28/2020,119,64,59,41,34,317,,
6/29/2020,112,63,51,34,25,285,,
6/30/2020,86,58,46,33,26,249,,
7/1/2020,159,66,73,43,37,378,,
7/2/2020,127,72,50,48,34,331,,
7/3/2020,165,82,72,72,43,434,,
7/4/2020,182,99,81,73,49,484,,
7/5/2020,151,74,82,53,34,394,,
7/6/2020,112,64,52,41,32,301,,
7/7/2020,101,59,53,45,28,286,,
7/8/2020,141,88,79,59,41,408,,
7/9/2020,147,81,81,51,45,405,,
7/10/2020,154,93,68,60,42,417,,
7/11/2020,181,96,85,62,46,470,,
7/12/2020,148,65,72,49,32,366,,
7/13/2020,97,56,54,42,26,275,,
7/14/2020,101,51,62,45,28,287,,
7/15/2020,111,84,64,41,29,329,,
7/16/2020,136,72,57,52,38,355,,
7/17/2020,132,101,96,65,51,445,,
7/18/2020,175,99,87,76,54,491,,
7/19/2020,123,67,63,52,34,339,,
7/20/2020,126,65,46,47,31,315,,
7/21/2020,95,58,55,37,32,277,,
7/22/2020,113,74,62,55,33,337,,
7/23/2020,136,71,70,52,40,369,,
7/24/2020,174,98,87,58,41,458,,
7/25/2020,194,96,83,63,52,488,,
7/26/2020,120,74,62,51,35,342,,
7/27/2020,120,51,69,46,36,322,,
7/28/2020,125,66,55,46,35,327,,
7/29/2020,191,73,66,61,37,428,,
7/30/2020,197,98,73,68,44,480,,
7/31/2020,242,111,101,88,55,597,,
8/1/2020,213,104,97,73,51,538,,
8/2/2020,143,83,69,53,49,397,,
8/3/2020,122,51,63,50,35,321,,
8/4/2020,66,49,45,35,22,217,,
8/5/2020,118,69,58,32,33,310,,
8/6/2020,129,68,64,40,35,336,,
8/7/2020,141,99,76,55,39,410,,
8/8/2020,166,88,68,50,34,406,,
8/9/2020,133,65,53,42,34,327,,
8/10/2020,100,49,50,33,28,260,,
8/11/2020,96,52,41,34,24,247,,
8/12/2020,119,70,64,53,33,339,,
8/13/2020,178,88,71,58,41,436,,
8/14/2020,177,104,89,66,54,490,,
8/15/2020,192,115,103,56,63,529,,
8/16/2020,159,80,66,51,42,398,,
8/17/2020,117,63,53,48,33,314,,
8/18/2020,112,62,58,43,29,304,,
8/19/2020,135,72,45,49,33,334,,
8/20/2020,114,79,60,59,38,350,,
8/21/2020,146,110,92,52,40,440,,
8/22/2020,163,108,70,60,48,449,,
8/23/2020,125,71,56,56,30,338,,
8/24/2020,87,67,43,41,32,270,,
8/25/2020,73,57,44,31,25,230,,
8/26/2020,121,72,52,42,23,310,,
8/27/2020,120,79,57,48,35,339,,
8/28/2020,129,100,76,52,44,401,,
8/29/2020,122,74,66,49,40,351,,
8/30/2020,121,80,60,51,38,350,,
8/31/2020,101,64,51,43,30,289,,
9/1/2020,77,42,39,31,18,207,,
9/2/2020,94,55,49,34,24,256,,
9/3/2020,103,65,47,38,22,275,,
9/4/2020,125,74,58,43,36,336,,
9/5/2020,114,53,56,36,33,292,,
9/6/2020,99,64,42,37,25,267,,
9/7/2020,71,36,39,26,19,191,,
9/8/2020,69,40,38,28,21,196,,
9/9/2020,108,48,48,42,24,270,,
9/10/2020,94,56,43,35,27,255,,
9/11/2020,127,73,66,47,31,344,,
9/12/2020,117,63,42,43,32,297,,
9/13/2020,94,62,44,44,26,270,,
9/14/2020,70,59,41,28,22,220,,
9/15/2020,77,42,36,28,21,204,,
9/16/2020,95,67,44,34,30,270,,
9/17/2020,101,62,48,28,27,266,,
9/18/2020,141,67,72,52,37,369,,
9/19/2020,155,84,72,49,36,396,,
9/20/2020,95,68,60,33,33,289,,
9/21/2020,96,49,42,34,22,243,,
9/22/2020,73,42,42,28,20,205,,
9/23/2020,78,49,49,37,21,234,,
9/24/2020,97,63,38,38,25,261,,
9/25/2020,121,57,57,44,31,310,,
9/26/2020,148,93,64,56,0,361,,
9/27/2020,103,57,49,43,22,274,,
9/28/2020,72,42,49,39,26,228,,
9/29/2020,88,50,36,33,26,233,,
9/30/2020,130,70,62,40,32,334,,
10/1/2020,119,62,51,45,30,307,,
10/2/2020,107,90,73,60,35,365,,
10/3/2020,142,72,64,50,41,369,,
10/4/2020,85,56,49,42,29,261,,
10/5/2020,65,46,35,27,22,195,,
10/6/2020,67,49,33,25,19,193,,
10/7/2020,67,48,40,32,22,209,,
10/8/2020,100,48,43,30,22,243,,
10/9/2020,103,60,51,45,29,288,,
10/10/2020,111,78,53,46,34,322,,
10/11/2020,81,39,52,35,23,230,,
10/12/2020,83,46,37,28,21,215,,
10/13/2020,60,37,28,23,17,165,,
10/14/2020,77,52,38,34,25,226,,
10/15/2020,94,59,39,32,26,250,,
10/16/2020,120,60,52,32,30,294,,
10/17/2020,98,67,49,46,34,294,,
10/18/2020,107,57,46,38,27,275,,
10/19/2020,66,46,36,33,23,204,,
10/20/2020,72,43,29,28,19,191,,
10/21/2020,84,43,40,28,18,213,,
10/22/2020,105,48,39,27,22,241,,
10/23/2020,100,69,55,36,31,291,,
10/24/2020,108,70,59,39,29,305,,
10/25/2020,90,51,48,38,27,254,,
10/26/2020,80,38,31,22,17,188,,
10/27/2020,80,36,36,24,19,195,,
10/28/2020,94,45,40,29,21,229,,
10/29/2020,104,62,60,42,28,296,,
10/30/2020,129,55,54,46,32,316,,
10/31/2020,135,75,80,48,39,377,,
11/1/2020,108,63,52,35,29,287,,
11/2/2020,86,43,38,33,16,216,,
11/3/2020,71,43,39,34,20,207,,
11/4/2020,80,48,42,34,23,227,,
11/5/2020,77,44,37,33,23,214,,
11/6/2020,102,57,42,35,30,266,,
11/7/2020,119,65,53,39,20,296,,
11/8/2020,79,42,38,27,24,210,,
11/9/2020,84,42,32,29,17,204,,
11/10/2020,64,32,21,19,18,154,,
11/11/2020,69,39,40,28,22,198,,
11/12/2020,98,51,43,32,28,252,,
11/13/2020,104,64,47,46,26,287,,
11/14/2020,102,57,43,34,30,266,,
11/15/2020,84,49,42,32,19,226,,
11/16/2020,65,43,31,23,15,177,,
11/17/2020,64,38,31,19,19,171,,
11/18/2020,79,41,30,28,24,202,,
11/19/2020,87,45,38,34,20,224,,
11/20/2020,90,61,41,43,22,257,,
11/21/2020,104,58,53,39,27,281,,
11/22/2020,73,42,31,29,20,195,,
11/23/2020,68,37,30,25,19,179,,
11/24/2020,66,35,35,21,18,175,,
11/25/2020,64,37,36,31,21,189,,
11/26/2020,64,47,50,37,23,221,,
11/27/2020,101,67,48,48,30,294,,
11/28/2020,134,58,53,40,31,316,,
11/29/2020,85,56,41,35,23,240,,
11/30/2020,62,34,39,24,16,175,,
12/1/2020,67,32,27,18,15,159,,
12/2/2020,63,39,32,22,18,174,,
12/3/2020,80,44,22,26,17,189,,
12/4/2020,82,51,54,36,29,252,,
12/5/2020,82,49,41,36,24,232,,
12/6/2020,68,37,36,24,20,185,,
12/7/2020,62,39,28,29,15,173,,
12/8/2020,56,31,27,20,16,150,,
12/9/2020,70,38,40,27,21,196,,
12/10/2020,88,45,32,37,25,227,,
12/11/2020,104,58,57,37,27,283,,
12/12/2020,92,51,48,46,25,262,,
12/13/2020,91,40,42,27,25,225,,
12/14/2020,63,35,30,21,16,165,,
12/15/2020,68,31,27,19,15,160,,
12/16/2020,74,38,25,25,20,182,,
12/17/2020,90,46,42,27,20,225,,
12/18/2020,91,53,53,34,22,253,,
12/19/2020,98,61,45,39,26,269,,
12/20/2020,67,43,35,26,18,189,,
12/21/2020,52,30,26,20,17,145,,
12/22/2020,74,39,36,27,16,192,,
12/23/2020,78,56,48,41,26,249,,
12/24/2020,112,70,42,38,24,286,,
12/25/2020,144,68,72,47,34,365,,
12/26/2020,124,72,66,57,37,356,,
12/27/2020,98,55,52,38,26,269,,
12/28/2020,88,51,45,30,20,234,,
12/29/2020,57,34,27,25,18,161,,
12/30/2020,90,57,49,31,23,250,,
12/31/2020,103,56,47,28,24,258,,
1/1/2021,273,145,107,85,57,667,,
1/2/2021,230,110,81,90,54,565,,
1/3/2021,160,101,81,49,49,440,,
1/4/2021,125,72,60,52,35,344,,
1/5/2021,132,59,71,50,37,349,,
1/6/2021,152,103,87,74,48,464,,
1/7/2021,165,90,85,54,46,440,,
1/8/2021,183,110,90,59,47,489,,
1/9/2021,168,108,102,67,57,502,,
1/10/2021,118,93,67,46,39,363,,
1/11/2021,121,56,53,40,30,300,,
1/12/2021,89,65,61,40,30,285,,
1/13/2021,133,58,57,44,36,328,,
1/14/2021,116,60,80,53,42,351,,
1/15/2021,164,98,95,60,39,456,,
1/16/2021,162,100,77,61,50,450,,
1/17/2021,151,90,79,49,38,407,,
1/18/2021,125,70,63,44,35,337,,
1/19/2021,101,57,58,43,24,283,,
1/20/2021,111,79,60,53,35,338,,
1/21/2021,112,69,62,50,32,325,,
1/22/2021,173,83,73,54,48,431,,
1/23/2021,234,119,117,84,58,612,,
1/24/2021,193,96,81,62,47,479,,
1/25/2021,159,82,61,58,40,400,,
1/26/2021,127,66,79,52,37,361,,
1/27/2021,170,109,77,63,46,465,,
1/28/2021,214,112,77,62,50,515,,
1/29/2021,198,113,89,72,43,515,,
1/30/2021,144,93,69,68,40,414,,
1/31/2021,133,83,68,52,35,371,,
2/1/2021,140,81,62,58,43,384,,
2/2/2021,180,75,78,54,33,420,,
2/3/2021,171,98,80,55,44,448,,
2/4/2021,200,91,104,74,49,518,,
2/5/2021,173,122,99,86,45,525,,
2/6/2021,232,116,111,83,70,612,,
2/7/2021,168,117,77,67,47,476,,
2/8/2021,126,85,67,51,45,374,,
2/9/2021,145,95,70,62,47,419,,
2/10/2021,255,123,119,74,68,639,,
2/11/2021,280,128,136,103,63,710,,
2/12/2021,275,186,169,130,99,859,,
2/13/2021,346,215,204,121,82,968,,
2/14/2021,253,164,130,81,71,699,,
2/15/2021,202,100,112,77,57,548,,
2/16/2021,137,90,59,60,42,388,,
2/17/2021,168,126,69,73,42,478,,
2/18/2021,189,106,94,66,51,506,,
2/19/2021,196,104,91,80,60,531,,
2/20/2021,204,134,111,77,43,569,,
2/21/2021,167,114,87,62,51,481,,
2/22/2021,153,87,79,59,47,425,,
2/23/2021,114,65,64,41,37,321,,
2/24/2021,181,121,94,76,52,524,,
2/25/2021,189,107,79,62,53,490,,
2/26/2021,216,104,94,72,53,539,,
2/27/2021,247,139,114,95,69,664,,
2/28/2021,191,102,97,83,51,524,,
3/1/2021,205,109,89,78,51,532,,
3/2/2021,191,81,100,63,52,487,,
3/3/2021,260,136,108,72,59,635,,
3/4/2021,192,108,107,83,59,549,,
3/5/2021,247,134,144,115,76,716,,
3/6/2021,266,173,134,95,66,734,,
3/7/2021,232,118,105,88,56,599,,
3/8/2021,177,113,101,73,45,509,,
3/9/2021,135,97,89,67,47,435,,
3/10/2021,194,101,92,65,55,507,,
3/11/2021,200,102,102,78,51,533,,
3/12/2021,277,144,107,97,78,703,,
3/13/2021,273,147,113,90,70,693,,
3/14/2021,237,123,103,81,56,600,,
3/15/2021,242,105,93,70,48,558,,
3/16/2021,131,81,75,60,44,391,,
3/17/2021,218,108,86,73,55,540,,
3/18/2021,263,137,119,73,58,650,,
3/19/2021,229,136,141,86,54,646,,
3/20/2021,314,110,127,104,61,716,,
3/21/2021,223,118,87,85,56,569,,
3/22/2021,223,106,108,70,48,555,,
3/23/2021,150,94,70,52,46,412,,
3/24/2021,197,107,107,77,63,551,,
3/25/2021,251,109,113,78,54,605,,
3/26/2021,252,152,145,104,67,720,,
3/27/2021,240,147,101,113,76,677,,
3/28/2021,233,120,111,71,54,589,,
3/29/2021,192,66,67,71,43,439,,
3/30/2021,182,117,87,73,44,503,,
3/31/2021,290,165,159,94,71,779,,
4/1/2021,331,225,157,114,79,906,,
4/2/2021,361,206,193,146,91,997,,
4/3/2021,362,179,157,139,114,951,,
4/4/2021,330,202,156,102,80,870,,
4/5/2021,230,149,141,104,69,693,,
4/6/2021,221,116,126,84,60,607,,
4/7/2021,290,143,131,82,64,710,,
4/8/2021,229,126,100,71,64,590,,
4/9/2021,311,158,114,94,79,756,,
4/10/2021,282,191,148,121,70,812,,
4/11/2021,210,124,123,79,50,586,,
4/12/2021,193,94,100,74,59,520,,
4/13/2021,174,99,83,73,44,473,,
4/14/2021,212,123,106,92,64,597,,
4/15/2021,229,115,90,71,57,562,,
4/16/2021,262,151,167,90,68,738,,
4/17/2021,300,147,132,89,78,746,,
4/18/2021,209,117,95,82,65,568,,
4/19/2021,195,112,96,69,48,520,,
4/20/2021,180,100,76,78,41,475,,
4/21/2021,180,127,128,76,63,574,,
4/22/2021,220,117,111,82,50,580,,
4/23/2021,298,171,135,116,0,720,,
4/24/2021,267,190,125,118,64,764,,
4/25/2021,202,86,105,83,60,536,,
4/26/2021,187,105,95,66,45,498,,
4/27/2021,185,97,82,52,44,460,,
4/28/2021,269,145,109,99,83,705,,
4/29/2021,296,133,133,98,74,734,,
4/30/2021,296,201,156,123,97,873,,
5/1/2021,403,190,191,125,102,"1,011",,
5/2/2021,225,164,112,93,86,680,,
5/3/2021,280,145,124,89,61,699,,
5/4/2021,208,109,78,76,53,524,,
5/5/2021,221,139,122,72,68,622,,
5/6/2021,216,156,118,85,67,642,,
5/7/2021,335,161,141,105,71,813,,
5/8/2021,404,189,162,134,0,889,,
5/9/2021,274,147,120,84,55,680,,
5/10/2021,228,154,100,99,62,643,,
5/11/2021,169,96,91,91,49,496,,
5/12/2021,258,186,132,104,84,764,,
5/13/2021,283,142,126,120,83,754,,
5/14/2021,312,200,148,100,64,824,,
5/15/2021,368,181,168,124,86,927,,
5/16/2021,264,151,133,105,79,732,,
5/17/2021,203,110,83,78,58,532,,
5/18/2021,161,79,76,68,45,429,,
5/19/2021,194,113,106,101,56,570,,
5/20/2021,250,165,112,93,63,683,,
5/21/2021,320,201,187,155,90,953,,
5/22/2021,382,222,203,135,110,"1,052",,
5/23/2021,285,181,143,117,78,804,,
5/24/2021,263,152,131,105,76,727,,
5/25/2021,240,110,87,89,50,576,,
5/26/2021,242,158,138,81,70,689,,
5/27/2021,313,168,167,103,83,834,,
5/28/2021,298,131,153,116,84,782,,
5/29/2021,273,204,145,108,95,825,,
5/30/2021,240,130,103,87,73,633,,
5/31/2021,158,136,122,93,65,574,,
6/1/2021,213,111,122,88,62,596,,
6/2/2021,247,178,121,118,68,732,,
6/3/2021,333,177,186,135,81,912,,
6/4/2021,405,180,186,140,116,"1,027",,
6/5/2021,355,204,141,149,123,972,,
6/6/2021,304,125,151,95,70,745,,
6/7/2021,229,120,120,89,56,614,,
6/8/2021,171,124,91,76,44,506,,
6/9/2021,276,117,112,93,60,658,,
6/10/2021,227,141,109,100,70,647,,
6/11/2021,271,176,107,117,84,755,,
6/12/2021,344,210,165,125,99,943,,
6/13/2021,256,141,117,99,62,675,,
6/14/2021,223,120,107,82,58,590,,
6/15/2021,190,121,97,75,48,531,,
6/16/2021,236,146,135,114,77,708,,
6/17/2021,248,170,134,89,0,641,,
6/18/2021,342,207,168,127,76,920,,
6/19/2021,345,185,143,100,79,852,,
6/20/2021,299,140,115,115,66,735,,
6/21/2021,241,120,105,90,53,609,,
6/22/2021,218,98,91,76,55,538,,
6/23/2021,222,110,103,83,73,591,,
6/24/2021,260,105,105,77,61,608,,
6/25/2021,303,184,159,141,83,870,,
6/26/2021,306,182,148,120,64,820,,
6/27/2021,220,157,112,83,54,626,,
6/28/2021,207,124,101,85,55,572,,
6/29/2021,190,115,101,81,45,532,,
6/30/2021,212,119,120,99,69,619,,
7/1/2021,329,153,151,115,0,748,,
7/2/2021,344,184,166,97,93,884,,
7/3/2021,290,174,153,141,86,844,,
7/4/2021,273,154,142,113,72,754,,
7/5/2021,231,157,101,92,63,644,,
7/6/2021,195,89,90,71,52,497,,
7/7/2021,270,133,122,85,70,680,,
7/8/2021,323,160,143,102,87,815,,
7/9/2021,326,191,140,124,97,878,,
7/10/2021,419,194,144,131,94,982,,
7/11/2021,291,135,149,97,81,753,,
7/12/2021,197,136,108,89,69,599,,
7/13/2021,217,140,101,73,52,583,,
7/14/2021,240,138,128,104,68,678,,
7/15/2021,256,165,128,103,78,730,,
7/16/2021,300,189,149,117,80,835,,
7/17/2021,462,201,230,144,124,"1,161",,
7/18/2021,381,201,162,114,86,944,,
7/19/2021,281,169,150,114,96,810,,
7/20/2021,186,155,106,87,80,614,,
7/21/2021,291,171,146,121,75,804,,
7/22/2021,292,189,165,121,76,843,,
7/23/2021,382,236,193,158,127,"1,096",,
7/24/2021,369,195,189,123,73,949,,
7/25/2021,285,140,121,81,73,700,,
7/26/2021,230,136,112,102,69,649,,
7/27/2021,214,115,102,88,58,577,,
7/28/2021,303,145,158,93,60,759,,
7/29/2021,209,142,121,123,71,666,,
7/30/2021,335,230,187,121,91,964,,
7/31/2021,357,179,175,140,83,934,,
8/1/2021,237,142,128,97,55,659,,
8/2/2021,193,114,128,67,48,550,,
8/3/2021,180,104,88,72,48,492,,
8/4/2021,226,114,102,97,66,605,,
8/5/2021,214,127,123,89,50,603,,
8/6/2021,308,151,138,113,83,793,,
8/7/2021,300,204,177,132,91,904,,
8/8/2021,274,140,126,89,67,696,,
8/9/2021,228,136,113,101,68,646,,
8/10/2021,228,106,109,70,51,564,,
8/11/2021,239,151,115,108,65,678,,
8/12/2021,306,180,129,119,91,825,,
8/13/2021,421,207,146,134,91,999,,
8/14/2021,412,197,185,139,103,"1,036",,
8/15/2021,268,159,171,131,93,822,,
8/16/2021,250,135,131,88,68,672,,
8/17/2021,199,105,105,93,63,565,,
8/18/2021,322,152,120,90,75,759,,
8/19/2021,261,136,123,115,78,713,,
8/20/2021,272,187,131,100,72,762,,
8/21/2021,373,180,152,116,90,911,,
8/22/2021,234,138,125,86,76,659,,
8/23/2021,193,124,102,92,52,563,,
8/24/2021,189,104,103,66,58,520,,
8/25/2021,212,102,99,101,63,577,,
8/26/2021,255,127,134,98,58,672,,
8/27/2021,250,171,143,92,73,729,,
8/28/2021,386,201,160,106,87,940,,
8/29/2021,227,142,113,97,72,651,,
8/30/2021,210,127,103,72,52,564,,
8/31/2021,180,109,93,68,57,507,,
9/1/2021,149,129,102,73,55,508,,
9/2/2021,204,114,97,68,53,536,,
9/3/2021,209,138,121,89,66,623,,
9/4/2021,228,143,112,83,57,623,,
9/5/2021,251,138,112,73,62,636,,
9/6/2021,172,98,77,75,47,469,,
9/7/2021,172,88,83,61,46,450,,
9/8/2021,179,83,97,73,60,492,,
9/9/2021,211,118,114,69,55,567,,
9/10/2021,237,151,127,87,59,661,,
9/11/2021,233,118,116,75,61,603,,
9/12/2021,221,114,97,73,48,553,,
9/13/2021,167,122,81,70,32,472,,
9/14/2021,136,78,91,67,43,415,,
9/15/2021,188,88,89,76,48,489,,
9/16/2021,231,114,104,66,58,573,,
9/17/2021,293,155,113,98,68,727,,
9/18/2021,333,151,140,80,62,766,,
9/19/2021,288,103,101,72,55,619,,
9/20/2021,224,120,108,86,55,593,,
9/21/2021,222,114,109,69,0,514,,
9/22/2021,219,161,116,99,68,663,,
9/23/2021,226,141,106,87,66,626,,
9/24/2021,322,164,131,101,78,796,,
9/25/2021,219,143,129,85,62,638,,
9/26/2021,178,105,104,78,60,525,,
9/27/2021,161,90,76,64,42,433,,
9/28/2021,164,78,67,56,43,408,,
9/29/2021,216,108,92,83,54,553,,
9/30/2021,195,100,105,82,58,540,,
10/1/2021,248,126,93,90,69,626,,
10/2/2021,215,136,100,88,59,598,,
10/3/2021,181,86,87,65,43,462,,
10/4/2021,163,87,80,65,42,437,,
10/5/2021,138,81,57,50,39,365,,
10/6/2021,137,96,77,56,42,408,,
10/7/2021,206,116,95,66,53,536,,
10/8/2021,208,126,101,72,63,570,,
10/9/2021,207,143,110,85,61,606,,
10/10/2021,153,114,85,83,59,494,,
10/11/2021,133,76,66,53,35,363,,
10/12/2021,136,77,79,53,37,382,,
10/13/2021,166,98,77,80,48,469,,
10/14/2021,209,88,87,81,60,525,,
10/15/2021,199,110,103,84,44,540,,
10/16/2021,277,140,113,93,63,686,,
10/17/2021,170,105,89,74,49,487,,
10/18/2021,183,98,75,51,56,463,,
10/19/2021,129,73,75,50,37,364,,
10/20/2021,207,95,73,54,40,469,,
10/21/2021,168,111,83,66,43,471,,
10/22/2021,217,123,96,76,54,566,,
10/23/2021,220,135,112,78,76,621,,
10/24/2021,177,93,98,65,39,472,,
10/25/2021,122,75,69,65,39,370,,
10/26/2021,143,69,58,44,30,344,,
10/27/2021,157,94,87,63,44,445,,
10/28/2021,201,110,85,63,43,502,,
10/29/2021,287,149,115,93,66,710,,
10/30/2021,284,185,130,103,89,791,,
10/31/2021,220,98,115,90,64,587,,
11/1/2021,182,105,88,69,48,492,,
11/2/2021,169,78,73,62,42,424,,
11/3/2021,183,108,80,83,55,509,,
11/4/2021,190,101,97,73,61,522,,
11/5/2021,189,105,98,78,54,524,,
11/6/2021,225,128,96,76,53,578,,
11/7/2021,168,96,89,64,54,471,,
11/8/2021,138,79,65,47,28,357,,
11/9/2021,100,75,56,45,37,313,,
11/10/2021,163,80,75,54,48,420,,
11/11/2021,150,90,88,65,39,432,,
11/12/2021,170,91,102,68,48,479,,
11/13/2021,206,118,88,69,53,534,,
11/14/2021,134,94,84,64,41,417,,
11/15/2021,166,88,71,64,36,425,,
11/16/2021,127,68,49,50,36,330,,
11/17/2021,143,84,80,46,45,398,,
11/18/2021,186,77,76,65,40,444,,
11/19/2021,196,138,102,76,65,577,,
11/20/2021,203,125,109,71,57,565,,
11/21/2021,172,88,76,67,40,443,,
11/22/2021,123,74,58,50,38,343,,
11/23/2021,124,67,60,40,28,319,,
11/24/2021,109,106,79,51,40,385,,
11/25/2021,153,108,102,68,46,477,,
11/26/2021,226,117,96,84,54,577,,
11/27/2021,232,127,116,98,64,637,,
11/28/2021,184,117,88,67,50,506,,
11/29/2021,179,76,60,65,45,425,,
11/30/2021,121,74,68,60,31,354,,
12/1/2021,128,92,81,55,43,399,,
12/2/2021,168,87,72,53,38,418,,
12/3/2021,159,89,86,68,48,450,,
12/4/2021,184,109,82,65,51,491,,
12/5/2021,158,86,72,54,47,417,,
12/6/2021,117,80,58,47,32,334,,
12/7/2021,125,68,62,39,29,323,,
12/8/2021,156,82,69,59,40,406,,
12/9/2021,162,71,72,64,45,414,,
12/10/2021,183,106,80,61,49,479,,
12/11/2021,195,104,94,72,40,505,,
12/12/2021,158,82,76,54,39,409,,
12/13/2021,141,72,58,39,33,343,,
12/14/2021,89,55,53,41,26,264,,
12/15/2021,150,73,76,60,45,404,,
12/16/2021,142,93,70,53,49,407,,
12/17/2021,185,107,96,60,48,496,,
12/18/2021,177,86,84,77,58,482,,
12/19/2021,130,99,80,61,34,404,,
12/20/2021,121,80,60,51,32,344,,
12/21/2021,122,58,55,46,33,314,,
12/22/2021,157,96,92,59,48,452,,
12/23/2021,213,93,107,84,49,546,,
12/24/2021,243,142,125,102,58,670,,
12/25/2021,263,145,132,101,74,715,,
12/26/2021,196,104,88,85,51,524,,
12/27/2021,144,86,83,66,37,416,,
12/28/2021,142,82,60,69,36,389,,
12/29/2021,162,104,97,52,47,462,,
12/30/2021,166,120,103,64,61,514,,
12/31/2021,280,103,125,91,59,658,,
1/1/2022,346,208,116,145,85,900,,
1/2/2022,310,162,128,97,72,769,,
1/3/2022,237,127,114,74,72,624,,
1/4/2022,174,100,78,73,45,470,,
1/5/2022,242,124,89,74,55,584,,
1/6/2022,221,137,120,98,74,650,,
1/7/2022,314,151,133,114,98,810,,
1/8/2022,272,130,158,127,82,769,,
1/9/2022,200,130,134,89,67,620,,
1/10/2022,173,81,70,65,40,429,,
1/11/2022,142,86,60,52,43,383,,
1/12/2022,209,109,75,70,51,514,,
1/13/2022,175,103,95,77,57,507,,
1/14/2022,242,136,132,88,61,659,,
1/15/2022,257,150,129,94,68,698,,
1/16/2022,185,99,102,71,47,504,,
1/17/2022,171,83,76,59,43,432,,
1/18/2022,113,96,69,41,36,355,,
1/19/2022,208,113,109,82,53,565,,
1/20/2022,224,130,86,78,52,570,,
1/21/2022,222,143,113,100,71,649,,
1/22/2022,223,138,125,95,62,643,,
1/23/2022,152,97,91,78,44,462,,
1/24/2022,139,107,83,55,42,426,,
1/25/2022,133,88,85,59,41,406,,
1/26/2022,179,108,93,68,43,491,,
1/27/2022,175,102,85,90,53,505,,
1/28/2022,261,144,97,94,63,659,,
1/29/2022,276,146,127,98,82,729,,
1/30/2022,192,107,83,62,47,491,,
1/31/2022,155,93,59,66,43,416,,
2/1/2022,170,109,88,73,56,496,,
2/2/2022,287,157,144,116,74,778,,
2/3/2022,244,186,124,98,73,725,,
2/4/2022,327,190,146,116,102,881,,
2/5/2022,317,200,161,125,95,898,,
2/6/2022,292,180,120,99,76,767,,
2/7/2022,232,109,112,88,69,610,,
2/8/2022,215,123,88,62,69,557,,
2/9/2022,250,134,112,103,82,681,,
2/10/2022,238,149,123,96,86,692,,
2/11/2022,357,228,158,136,98,977,,
2/12/2022,365,185,174,115,72,911,,
2/13/2022,282,138,115,88,87,710,,
2/14/2022,245,131,118,99,61,654,,
2/15/2022,244,144,108,78,0,574,,
2/16/2022,264,141,118,106,71,700,,
2/17/2022,263,142,111,99,71,686,,
2/18/2022,326,206,165,107,110,914,,
2/19/2022,361,191,183,100,70,905,,
2/20/2022,311,128,133,87,78,737,,
2/21/2022,210,108,97,74,56,545,,
2/22/2022,198,99,94,97,51,539,,
2/23/2022,234,154,138,77,74,677,,
2/24/2022,256,150,120,121,93,740,,
2/25/2022,405,205,146,145,88,989,,
2/26/2022,257,201,158,127,73,816,,
2/27/2022,217,164,159,110,75,725,,
2/28/2022,259,162,126,109,69,725,,
3/1/2022,249,125,111,90,58,633,,
3/2/2022,253,224,169,126,88,860,,
3/3/2022,335,192,139,135,100,901,,
3/4/2022,383,196,183,135,109,"1,006",,
3/5/2022,470,218,189,164,121,"1,162",,
3/6/2022,290,166,168,142,93,859,,
3/7/2022,298,160,162,113,60,793,,
3/8/2022,243,147,124,81,66,661,,
3/9/2022,285,151,157,112,75,780,,
3/10/2022,277,197,160,112,105,851,,
3/11/2022,414,208,173,150,108,"1,053",,
3/12/2022,374,206,207,150,115,"1,052",,
3/13/2022,349,190,176,131,104,950,,
3/14/2022,282,160,152,116,80,790,,
3/15/2022,239,111,123,78,67,618,,
3/16/2022,380,166,130,107,81,864,,
3/17/2022,434,158,164,127,110,993,,
3/18/2022,431,222,171,128,111,"1,063",,
3/19/2022,428,278,180,145,97,"1,128",,
3/20/2022,341,202,177,157,95,972,,
3/21/2022,276,137,141,79,82,715,,
3/22/2022,253,145,103,102,74,677,,
3/23/2022,371,182,143,137,77,910,,
3/24/2022,306,204,146,141,84,881,,
3/25/2022,399,207,191,147,130,"1,074",,
3/26/2022,471,211,221,178,104,"1,185",,
3/27/2022,311,195,179,123,96,904,,
3/28/2022,242,202,131,126,82,783,,
3/29/2022,219,124,114,99,61,617,,
3/30/2022,318,197,194,142,104,955,,
3/31/2022,420,227,210,153,96,"1,106",,
4/1/2022,610,248,221,146,147,"1,372",,
4/2/2022,542,249,265,193,142,"1,391",,
4/3/2022,363,268,188,137,106,"1,062",,
4/4/2022,373,187,174,130,85,949,,
4/5/2022,316,155,125,119,94,809,,
4/6/2022,323,161,150,107,83,824,,
4/7/2022,292,199,153,118,101,863,,
4/8/2022,339,216,159,178,107,999,,
4/9/2022,385,247,215,154,111,"1,112",,
4/10/2022,260,136,155,105,95,751,,
4/11/2022,326,177,137,117,81,838,,
4/12/2022,327,185,170,101,86,869,,
4/13/2022,413,235,181,179,126,"1,134",,
4/14/2022,427,263,199,164,111,"1,164",,
4/15/2022,618,340,271,238,150,"1,617",,
4/16/2022,555,299,269,197,164,"1,484",,
4/17/2022,441,242,221,111,119,"1,134",,
4/18/2022,406,193,155,142,94,990,,
4/19/2022,346,187,166,91,94,884,,
4/20/2022,357,214,168,143,105,987,,
4/21/2022,335,192,156,123,97,903,,
4/22/2022,383,262,215,171,112,"1,143",,
4/23/2022,416,217,178,127,97,"1,035",,
4/24/2022,356,193,125,122,85,881,,
4/25/2022,247,162,124,93,71,697,,
4/26/2022,254,139,117,83,75,668,,
4/27/2022,278,147,134,105,81,745,,
4/28/2022,424,182,149,147,108,"1,010",,
4/29/2022,427,235,235,203,165,"1,265",,
4/30/2022,532,278,281,224,180,"1,495",,
5/1/2022,428,299,210,151,118,"1,206",,
5/2/2022,272,210,164,129,96,871,,
5/3/2022,264,203,142,140,94,843,,
5/4/2022,381,217,199,157,90,"1,044",,
5/5/2022,380,214,198,147,101,"1,040",,
5/6/2022,444,206,246,175,112,"1,183",,
5/7/2022,424,298,238,179,142,"1,281",,
5/8/2022,352,183,162,143,79,919,,
5/9/2022,451,188,176,125,0,940,,
5/10/2022,329,139,148,100,72,788,,
5/11/2022,346,217,180,134,98,975,,
5/12/2022,305,185,187,140,92,909,,
5/13/2022,549,220,221,187,0,"1,177",,
5/14/2022,478,316,212,175,126,"1,307",,
5/15/2022,336,189,135,119,76,855,,
5/16/2022,278,165,150,103,85,781,,
5/17/2022,242,147,120,98,71,678,,
5/18/2022,307,179,184,136,101,907,,
5/19/2022,312,232,185,146,111,986,,
5/20/2022,448,221,188,123,97,"1,077",,
5/21/2022,417,277,229,158,115,"1,196",,
5/22/2022,354,174,142,113,97,880,,
5/23/2022,268,159,131,119,76,753,,
5/24/2022,372,172,138,116,93,891,,
5/25/2022,442,228,187,116,81,"1,054",,
5/26/2022,425,269,207,149,104,"1,154",,
5/27/2022,509,270,221,185,151,"1,336",,
5/28/2022,519,343,252,200,117,"1,431",,
5/29/2022,479,293,205,162,117,"1,256",,
5/30/2022,258,194,158,127,73,810,,
5/31/2022,241,149,143,102,71,706,,
6/1/2022,371,232,169,136,90,998,,
6/2/2022,473,261,190,147,119,"1,190",,
6/3/2022,683,368,313,224,152,"1,740",,
6/4/2022,604,382,312,245,148,"1,691",,
6/5/2022,504,238,311,242,142,"1,437",,
6/6/2022,405,216,180,146,107,"1,054",,
6/7/2022,397,191,206,108,115,"1,017",,
6/8/2022,448,272,186,173,134,"1,213",,
6/9/2022,372,257,203,144,101,"1,077",,
6/10/2022,455,366,242,196,106,"1,365",,
6/11/2022,434,289,187,179,113,"1,202",,
6/12/2022,334,251,185,138,95,"1,003",,
6/13/2022,369,225,198,137,97,"1,026",,
6/14/2022,392,201,181,142,103,"1,019",,
6/15/2022,462,235,219,173,112,"1,201",,
6/16/2022,441,213,253,148,162,"1,217",,
6/17/2022,693,301,295,206,170,"1,665",,
6/18/2022,633,334,272,196,147,"1,582",,
6/19/2022,441,319,250,168,121,"1,299",,
6/20/2022,358,178,176,117,94,923,,
6/21/2022,323,145,158,95,80,801,,
6/22/2022,377,211,187,124,102,"1,001",,
6/23/2022,444,246,214,148,103,"1,155",,
6/24/2022,445,290,234,178,121,"1,268",,
6/25/2022,501,294,292,164,119,"1,370",,
6/26/2022,354,240,192,139,102,"1,027",,
6/27/2022,374,198,173,111,97,953,,
6/28/2022,307,172,165,103,85,832,,
6/29/2022,326,204,161,127,81,899,,
6/30/2022,382,216,185,141,101,"1,025",,
7/1/2022,433,198,268,167,103,"1,169",,
7/2/2022,469,284,211,199,137,"1,300",,
7/3/2022,462,216,200,154,99,"1,131",,
7/4/2022,400,249,198,135,98,"1,080",,
7/5/2022,363,178,138,144,0,823,,
7/6/2022,415,229,193,155,120,"1,112",,
7/7/2022,449,234,198,220,126,"1,227",,
7/8/2022,597,375,319,195,156,"1,642",,
7/9/2022,516,314,311,231,135,"1,507",,
7/10/2022,502,288,258,184,138,"1,370",,
7/11/2022,467,221,183,165,128,"1,164",,
7/12/2022,465,211,167,140,97,"1,080",,
7/13/2022,431,281,225,162,142,"1,241",,
7/14/2022,402,195,225,183,107,"1,112",,
7/15/2022,459,276,216,140,106,"1,197",,
7/16/2022,425,278,242,202,140,"1,287",,
7/17/2022,429,215,176,168,125,"1,113",,
7/18/2022,323,185,190,148,107,953,,
7/19/2022,316,198,136,122,83,855,,
7/20/2022,448,246,194,171,118,"1,177",,
7/21/2022,438,241,211,133,106,"1,129",,
7/22/2022,552,248,282,205,142,"1,429",,
7/23/2022,475,296,267,175,140,"1,353",,
7/24/2022,350,270,178,164,138,"1,100",,
7/25/2022,401,210,163,125,104,"1,003",,
7/26/2022,286,155,132,118,69,760,,
7/27/2022,385,228,168,133,95,"1,009",,
7/28/2022,401,222,191,158,116,"1,088",,
7/29/2022,428,270,232,173,122,"1,225",,
7/30/2022,483,295,296,214,142,"1,430",,
7/31/2022,437,268,217,132,109,"1,163",,
8/1/2022,336,167,147,121,85,856,,
8/2/2022,262,182,126,95,76,741,,
8/3/2022,427,211,158,167,92,"1,055",,
8/4/2022,363,171,164,160,99,957,,
8/5/2022,428,246,200,189,153,"1,216",,
8/6/2022,386,324,227,201,130,"1,268",,
8/7/2022,289,208,183,129,84,893,,
8/8/2022,285,175,159,129,79,827,,
8/9/2022,294,173,135,105,77,784,,
8/10/2022,299,157,140,131,68,795,,
8/11/2022,366,207,174,107,95,949,,
8/12/2022,530,309,227,199,124,"1,389",,
8/13/2022,638,347,267,241,138,"1,631",,
8/14/2022,494,301,231,175,103,"1,304",,
8/15/2022,420,244,247,159,94,"1,164",,
8/16/2022,418,162,188,103,78,949,,
8/17/2022,413,223,181,167,122,"1,106",,
8/18/2022,406,199,183,163,102,"1,053",,
8/19/2022,400,188,204,182,100,"1,074",,
8/20/2022,477,252,229,164,123,"1,245",,
8/21/2022,371,191,185,139,79,965,,
8/22/2022,331,199,140,129,90,889,,
8/23/2022,280,170,133,102,65,750,,
8/24/2022,364,271,160,140,105,"1,040",,
8/25/2022,368,196,150,147,82,943,,
8/26/2022,434,286,200,200,126,"1,246",,
8/27/2022,453,250,233,177,124,"1,237",,
8/28/2022,331,179,168,145,86,909,,
8/29/2022,271,159,140,117,77,764,,
8/30/2022,225,140,150,106,68,689,,
8/31/2022,338,235,186,132,95,986,,
9/1/2022,281,180,117,110,73,761,,
9/2/2022,352,200,153,133,92,930,,
9/3/2022,343,208,139,132,90,912,,
9/4/2022,285,144,161,93,71,754,,
9/5/2022,216,168,122,96,62,664,,
9/6/2022,178,138,101,72,43,532,,
9/7/2022,265,155,137,99,73,729,,
9/8/2022,307,176,123,121,79,806,,
9/9/2022,313,201,186,126,114,940,,
9/10/2022,396,188,155,138,93,970,,
9/11/2022,318,196,156,104,84,858,,
9/12/2022,274,152,139,89,58,712,,
9/13/2022,192,105,100,72,51,520,,
9/14/2022,290,161,166,93,77,787,,
9/15/2022,271,154,133,113,76,747,,
9/16/2022,389,211,147,134,92,973,,
9/17/2022,401,239,194,136,88,"1,058",,
9/18/2022,217,160,137,99,74,687,,
9/19/2022,198,147,142,89,62,638,,
9/20/2022,212,116,93,64,56,541,,
9/21/2022,292,175,124,98,62,751,,
9/22/2022,290,148,145,111,87,781,,
9/23/2022,336,230,181,125,101,973,,
9/24/2022,374,187,205,161,89,"1,016",,
9/25/2022,294,142,175,99,88,798,,
9/26/2022,258,174,132,94,63,721,,
9/27/2022,276,131,124,97,69,697,,
9/28/2022,295,176,161,113,78,823,,
9/29/2022,243,170,133,123,78,747,,
9/30/2022,376,219,180,126,86,987,,
10/1/2022,283,190,156,138,86,853,,
10/2/2022,266,132,156,128,94,776,,
10/3/2022,251,172,124,116,66,729,,
10/4/2022,225,120,128,89,56,618,,
10/5/2022,299,186,152,102,69,808,,
10/6/2022,263,164,154,133,91,805,,
10/7/2022,369,199,149,144,107,968,,
10/8/2022,335,190,186,164,96,971,,
10/9/2022,300,175,127,101,70,773,,
10/10/2022,199,133,100,76,51,559,,
10/11/2022,179,103,98,85,56,521,,
10/12/2022,322,147,127,83,74,753,,
10/13/2022,258,146,135,123,74,736,,
10/14/2022,342,223,175,120,98,958,,
10/15/2022,370,212,177,132,112,"1,003",,
10/16/2022,274,165,135,119,66,759,,
10/17/2022,229,144,115,83,60,631,,
10/18/2022,175,100,72,66,52,465,,
10/19/2022,305,147,133,90,60,735,,
10/20/2022,237,152,128,108,67,692,,
10/21/2022,358,174,168,110,69,879,,
10/22/2022,308,218,157,111,90,884,,
10/23/2022,305,168,167,112,69,821,,
10/24/2022,247,123,120,90,66,646,,
10/25/2022,206,113,115,74,62,570,,
10/26/2022,239,147,132,92,84,694,,
10/27/2022,280,129,131,74,73,687,,
10/28/2022,349,157,157,114,102,879,,
10/29/2022,370,233,202,140,118,"1,063",,
10/30/2022,305,184,134,128,83,834,,
10/31/2022,298,168,128,95,73,762,,
11/1/2022,222,121,122,93,63,621,,
11/2/2022,297,140,132,101,79,749,,
11/3/2022,254,184,162,123,74,797,,
11/4/2022,370,175,160,129,84,918,,
11/5/2022,321,200,142,122,89,874,,
11/6/2022,262,152,105,108,66,693,,
11/7/2022,227,148,120,77,59,631,,
11/8/2022,128,101,89,51,38,407,,
11/9/2022,268,134,112,104,59,677,,
11/10/2022,244,141,117,98,57,657,,
11/11/2022,315,187,141,107,86,836,,
11/12/2022,377,201,133,160,95,966,,
11/13/2022,270,191,145,101,79,786,,
11/14/2022,140,123,118,86,46,513,,
11/15/2022,163,96,99,75,56,489,,
11/16/2022,226,140,117,99,79,661,,
11/17/2022,260,168,126,83,81,718,,
11/18/2022,269,148,146,105,81,749,,
11/19/2022,326,164,156,126,94,866,,
11/20/2022,264,131,121,77,63,656,,
11/21/2022,227,129,115,65,57,593,,
11/22/2022,178,106,83,69,47,483,,
11/23/2022,197,138,118,77,50,580,,
11/24/2022,213,154,120,106,69,662,,
11/25/2022,319,194,148,115,87,863,,
11/26/2022,293,159,182,122,102,858,,
11/27/2022,270,143,138,117,75,743,,
11/28/2022,192,126,105,101,58,582,,
11/29/2022,179,112,94,74,51,510,,
11/30/2022,235,155,116,77,59,642,,
12/1/2022,253,141,136,76,59,665,,
12/2/2022,257,179,130,100,65,731,,
12/3/2022,257,163,136,96,75,727,,
12/4/2022,204,150,122,109,55,640,,
12/5/2022,175,121,89,73,57,515,,
12/6/2022,176,107,76,67,49,475,,
12/7/2022,190,126,99,99,53,567,,
12/8/2022,240,127,99,76,57,599,,
12/9/2022,251,181,165,118,78,793,,
12/10/2022,248,152,133,128,75,736,,
12/11/2022,208,109,115,82,64,578,,
12/12/2022,184,98,83,73,45,483,,
12/13/2022,150,93,82,59,43,427,,
12/14/2022,233,115,106,76,53,583,,
12/15/2022,212,127,116,72,72,599,,
12/16/2022,296,152,134,101,88,771,,
12/17/2022,302,151,163,119,90,825,,
12/18/2022,213,149,106,91,78,637,,
12/19/2022,212,106,118,91,57,584,,
12/20/2022,171,116,70,64,49,470,,
12/21/2022,259,141,125,84,62,671,,
12/22/2022,308,147,140,86,86,767,,
12/23/2022,399,180,180,129,92,980,,
12/24/2022,410,194,148,121,86,959,,
12/25/2022,312,127,144,112,70,765,,
12/26/2022,244,137,111,93,70,655,,
12/27/2022,209,123,106,73,58,569,,
12/28/2022,244,171,109,90,66,680,,
12/29/2022,304,130,132,91,75,732,,
12/30/2022,369,161,144,130,84,888,,
12/31/2022,316,199,163,137,92,907,,
1/1/2023,295,176,153,150,111,885,,
1/2/2023,336,147,147,121,73,824,,
1/3/2023,212,113,105,85,70,585,,
1/4/2023,267,154,127,88,89,725,,
1/5/2023,324,142,166,123,85,840,,
1/6/2023,366,243,194,161,104,"1,068",,
1/7/2023,412,207,154,129,119,"1,021",,
1/8/2023,310,165,146,103,74,798,,
1/9/2023,270,143,134,98,69,714,,
1/10/2023,197,115,87,69,56,524,,
1/11/2023,260,152,91,92,62,657,,
1/12/2023,228,140,115,86,62,631,,
1/13/2023,279,159,143,98,74,753,,
1/14/2023,310,165,144,133,85,837,,
1/15/2023,276,128,131,97,74,706,,
1/16/2023,212,123,92,85,53,565,,
1/17/2023,195,102,85,62,45,489,,
1/18/2023,187,139,118,89,58,591,,
1/19/2023,243,156,128,76,57,660,,
1/20/2023,336,158,127,93,89,803,,
1/21/2023,346,176,160,119,87,888,,
1/22/2023,272,140,130,107,0,649,,
1/23/2023,293,154,120,84,65,716,,
1/24/2023,229,124,103,81,65,602,,
1/25/2023,242,179,124,102,73,720,,
1/26/2023,321,177,193,123,94,908,,
1/27/2023,358,249,182,121,112,"1,022",,
1/28/2023,333,246,199,156,103,"1,037",,
1/29/2023,364,216,175,133,96,984,,
1/30/2023,317,164,138,127,75,821,,
1/31/2023,286,108,127,81,75,677,,
2/1/2023,416,266,196,141,81,"1,100",,
2/2/2023,306,180,144,136,89,855,,
2/3/2023,427,228,189,177,84,"1,105",,
2/4/2023,405,289,189,165,123,"1,171",,
2/5/2023,376,214,193,145,87,"1,015",,
2/6/2023,292,134,147,96,73,742,,
2/7/2023,252,172,124,85,77,710,,
2/8/2023,396,214,162,133,89,994,,
2/9/2023,365,177,162,122,117,943,,
2/10/2023,434,235,187,140,93,"1,089",,
2/11/2023,396,239,230,165,103,"1,133",,
2/12/2023,368,210,164,129,96,967,,
2/13/2023,264,166,144,96,69,739,,
2/14/2023,291,147,142,96,58,734,,
2/15/2023,249,167,153,118,96,783,,
2/16/2023,361,196,143,127,86,913,,
2/17/2023,387,240,195,152,121,"1,095",,
2/18/2023,527,228,184,158,105,"1,202",,
2/19/2023,366,198,144,118,85,911,,
2/20/2023,322,199,149,114,94,878,,
2/21/2023,267,150,107,91,60,675,,
2/22/2023,307,223,146,110,98,884,,
2/23/2023,337,171,158,139,88,893,,
2/24/2023,385,206,151,148,101,991,,
2/25/2023,344,257,197,134,102,"1,034",,
2/26/2023,354,173,161,132,97,917,,
2/27/2023,275,147,140,94,74,730,,
2/28/2023,259,119,123,91,68,660,,
3/1/2023,318,243,189,142,100,992,,
3/2/2023,450,210,199,157,115,"1,131",,
3/3/2023,515,300,212,172,129,"1,328",,
3/4/2023,480,302,254,193,130,"1,359",,
3/5/2023,396,217,167,148,121,"1,049",,
3/6/2023,380,169,156,152,89,946,,
3/7/2023,299,168,128,113,66,774,,
3/8/2023,306,273,216,149,90,"1,034",,
3/9/2023,427,242,193,152,98,"1,112",,
3/10/2023,532,244,223,156,107,"1,262",,
3/11/2023,486,243,263,201,126,"1,319",,
3/12/2023,393,227,214,157,106,"1,097",,
3/13/2023,336,191,168,124,78,897,,
3/14/2023,265,155,148,104,75,747,,
3/15/2023,450,256,235,164,122,"1,227",,
3/16/2023,361,211,212,162,98,"1,044",,
3/17/2023,481,280,250,182,108,"1,301",,
3/18/2023,420,282,205,140,147,"1,194",,
3/19/2023,435,206,185,125,87,"1,038",,
3/20/2023,290,184,127,139,96,836,,
3/21/2023,300,159,132,105,67,763,,
3/22/2023,440,222,192,159,137,"1,150",,
3/23/2023,560,325,187,207,122,"1,401",,
3/24/2023,694,347,293,282,163,"1,779",,
3/25/2023,738,362,351,231,164,"1,846",,
3/26/2023,524,293,217,210,144,"1,388",,
3/27/2023,343,228,202,149,91,"1,013",,
3/28/2023,409,163,162,142,94,970,,
3/29/2023,348,188,190,156,91,973,,
3/30/2023,370,203,171,145,109,998,,
3/31/2023,515,243,218,157,117,"1,250",,
4/1/2023,532,296,214,229,141,"1,412",,
4/2/2023,384,211,188,127,110,"1,020",,
4/3/2023,367,205,180,141,90,983,,
4/4/2023,313,202,162,144,98,919,,
4/5/2023,444,289,261,203,147,"1,344",,
4/6/2023,624,315,291,198,116,"1,544",,
4/7/2023,662,443,291,258,197,"1,851",,
4/8/2023,719,431,367,250,180,"1,947",,
4/9/2023,488,341,219,175,141,"1,364",,
4/10/2023,452,267,250,197,126,"1,292",,
4/11/2023,515,199,157,169,107,"1,147",,
4/12/2023,548,237,263,164,155,"1,367",,
4/13/2023,567,344,250,207,123,"1,491",,
4/14/2023,446,284,176,133,141,"1,180",,
4/15/2023,600,328,245,208,124,"1,505",,
4/16/2023,447,209,214,157,109,"1,136",,
4/17/2023,279,197,162,145,102,885,,
4/18/2023,355,176,173,108,75,887,,
4/19/2023,360,177,179,143,81,940,,
4/20/2023,418,287,191,182,107,"1,185",,
4/21/2023,459,304,245,191,115,"1,314",,
4/22/2023,580,352,235,217,0,"1,384",,
4/23/2023,383,215,199,152,112,"1,061",,
4/24/2023,291,230,163,156,103,943,,
4/25/2023,290,164,138,111,79,782,,
4/26/2023,420,188,149,132,84,973,,
4/27/2023,411,220,189,158,93,"1,071",,
4/28/2023,694,347,241,187,132,"1,601",,
4/29/2023,650,310,290,217,155,"1,622",,
4/30/2023,469,291,260,216,108,"1,344",,
